player,game_date,signal,season_fg,l5_fg,n5_fg,deviation,regression_occurred,regression_strength
AJ Green,2025-11-12,BUY_LOW,0.5,0.412,0.455,-17.6,True,0.52
AJ Green,2025-11-14,BUY_LOW,0.488,0.367,0.463,-24.8,True,0.2
AJ Green,2025-11-15,BUY_LOW,0.488,0.333,0.442,-31.7,True,0.3
AJ Green,2025-11-17,BUY_LOW,0.49,0.406,0.462,-17.0,True,0.34
AJ Green,2025-12-05,SELL_HIGH,0.5,0.581,0.306,16.3,True,2.39
AJ Green,2025-12-23,BUY_LOW,0.471,0.371,0.357,-21.1,False,1.14
AJ Green,2025-12-26,BUY_LOW,0.462,0.286,0.367,-38.1,True,0.54
AJ Green,2025-12-27,BUY_LOW,0.466,0.306,0.262,-34.5,False,1.27
AJ Green,2025-12-29,BUY_LOW,0.456,0.317,0.317,-30.5,False,1.0
AJ Green,2025-12-31,BUY_LOW,0.453,0.31,0.357,-31.7,True,0.67
AJ Green,2026-01-02,BUY_LOW,0.45,0.357,0.405,-20.7,True,0.49
Aaron Holiday,2025-12-03,BUY_LOW,0.407,0.321,0.6,-21.1,True,2.24
Aaron Holiday,2025-12-06,BUY_LOW,0.438,0.364,0.481,-17.0,True,0.58
Aaron Holiday,2025-12-18,SELL_HIGH,0.459,0.6,0.214,30.6,True,1.74
Aaron Holiday,2025-12-20,SELL_HIGH,0.456,0.571,0.167,25.3,True,2.51
Aaron Holiday,2025-12-25,BUY_LOW,0.442,0.368,0.143,-16.6,False,4.08
Aaron Holiday,2025-12-27,BUY_LOW,0.434,0.25,0.267,-42.5,True,0.91
Aaron Holiday,2025-12-29,BUY_LOW,0.432,0.214,0.231,-50.4,True,0.92
Aaron Holiday,2026-01-01,BUY_LOW,0.429,0.167,0.211,-61.1,True,0.83
Aaron Nesmith,2025-11-13,SELL_HIGH,0.37,0.434,0.395,17.5,True,0.4
Aaron Nesmith,2025-12-31,SELL_HIGH,0.378,0.46,0.387,21.7,True,0.11
Aaron Wiggins,2025-12-10,SELL_HIGH,0.486,0.562,0.269,15.8,True,2.82
Aaron Wiggins,2025-12-28,BUY_LOW,0.452,0.269,0.438,-40.4,True,0.08
Ace Bailey,2025-11-11,SELL_HIGH,0.353,0.444,0.558,25.9,False,2.24
Ace Bailey,2025-11-13,SELL_HIGH,0.383,0.488,0.531,27.5,False,1.41
Ace Bailey,2025-11-16,SELL_HIGH,0.415,0.52,0.51,25.3,True,0.9
Ace Bailey,2025-11-18,SELL_HIGH,0.414,0.51,0.51,23.2,True,1.0
Ace Bailey,2025-11-21,SELL_HIGH,0.423,0.519,0.549,22.6,False,1.31
Ace Bailey,2025-11-23,SELL_HIGH,0.442,0.558,0.509,26.3,True,0.58
Ace Bailey,2025-11-24,SELL_HIGH,0.438,0.531,0.51,21.0,True,0.78
Ace Bailey,2025-12-01,SELL_HIGH,0.463,0.549,0.375,18.6,True,1.02
Ace Bailey,2025-12-18,BUY_LOW,0.436,0.352,0.444,-19.3,True,0.1
Ajay Mitchell,2025-12-02,SELL_HIGH,0.462,0.564,0.519,22.1,True,0.55
Ajay Mitchell,2025-12-05,SELL_HIGH,0.467,0.629,0.472,34.7,True,0.03
Ajay Mitchell,2026-01-04,SELL_HIGH,0.482,0.585,0.455,21.3,True,0.27
Al Horford,2025-11-21,SELL_HIGH,0.338,0.393,0.424,16.1,False,1.58
Al Horford,2025-12-25,BUY_LOW,0.321,0.25,0.471,-22.0,True,2.13
Al Horford,2026-01-02,SELL_HIGH,0.367,0.424,0.438,15.5,False,1.23
Alex Caruso,2025-11-23,SELL_HIGH,0.391,0.48,0.478,22.9,True,0.98
Alex Caruso,2025-11-26,SELL_HIGH,0.403,0.5,0.458,24.1,True,0.57
Alex Caruso,2025-12-13,SELL_HIGH,0.397,0.526,0.361,32.4,True,0.28
Alex Caruso,2025-12-18,SELL_HIGH,0.414,0.478,0.344,15.6,True,1.09
Amen Thompson,2025-12-20,SELL_HIGH,0.493,0.567,0.582,15.1,False,1.2
Amen Thompson,2025-12-23,SELL_HIGH,0.499,0.603,0.641,21.0,False,1.36
Amen Thompson,2025-12-25,SELL_HIGH,0.504,0.607,0.583,20.3,True,0.77
Amen Thompson,2025-12-27,SELL_HIGH,0.51,0.657,0.53,28.7,True,0.14
Amen Thompson,2026-01-01,SELL_HIGH,0.511,0.613,0.526,20.0,True,0.15
Amen Thompson,2026-01-03,SELL_HIGH,0.52,0.641,0.506,23.2,True,0.11
Andre Drummond,2025-11-30,BUY_LOW,0.55,0.455,0.52,-17.4,True,0.31
Andre Drummond,2025-12-02,BUY_LOW,0.554,0.44,0.48,-20.6,True,0.65
Andre Drummond,2025-12-19,BUY_LOW,0.53,0.391,0.467,-26.2,True,0.46
Andre Drummond,2025-12-20,BUY_LOW,0.532,0.448,0.44,-15.8,False,1.1
Andre Drummond,2025-12-23,BUY_LOW,0.528,0.433,0.462,-17.9,True,0.7
Andre Drummond,2025-12-28,BUY_LOW,0.519,0.438,0.429,-15.7,False,1.11
Andrew Nembhard,2025-12-12,SELL_HIGH,0.435,0.531,0.403,22.1,True,0.34
Andrew Nembhard,2025-12-14,SELL_HIGH,0.433,0.507,0.384,17.2,True,0.66
Andrew Wiggins,2025-11-19,BUY_LOW,0.484,0.397,0.459,-18.0,True,0.29
Andrew Wiggins,2025-11-29,BUY_LOW,0.475,0.37,0.507,-22.1,True,0.31
Andrew Wiggins,2025-12-01,BUY_LOW,0.487,0.4,0.485,-17.9,True,0.03
Andrew Wiggins,2025-12-26,BUY_LOW,0.468,0.393,0.507,-16.0,True,0.52
Andrew Wiggins,2025-12-27,BUY_LOW,0.471,0.39,0.493,-17.2,True,0.27
Anfernee Simons,2025-11-26,SELL_HIGH,0.448,0.523,0.426,16.6,True,0.31
Anfernee Simons,2025-11-29,SELL_HIGH,0.438,0.537,0.477,22.6,True,0.4
Anfernee Simons,2025-11-30,SELL_HIGH,0.439,0.571,0.444,30.2,True,0.04
Anfernee Simons,2025-12-02,SELL_HIGH,0.447,0.558,0.367,24.6,True,0.73
Anfernee Simons,2025-12-04,SELL_HIGH,0.452,0.533,0.327,18.1,True,1.54
Anfernee Simons,2025-12-15,BUY_LOW,0.433,0.367,0.404,-15.1,True,0.44
Anfernee Simons,2025-12-19,BUY_LOW,0.43,0.327,0.407,-24.0,True,0.22
Anthony Black,2025-11-12,BUY_LOW,0.452,0.368,0.529,-18.4,True,0.94
Anthony Black,2025-12-09,BUY_LOW,0.454,0.358,0.444,-21.1,True,0.1
Anthony Black,2025-12-13,BUY_LOW,0.447,0.354,0.449,-20.8,True,0.02
Anthony Black,2025-12-18,BUY_LOW,0.441,0.308,0.475,-30.2,True,0.26
Anthony Black,2025-12-20,BUY_LOW,0.441,0.356,0.512,-19.3,True,0.83
Anthony Edwards,2025-12-19,SELL_HIGH,0.5,0.581,0.466,16.3,True,0.42
Asa Newell,2025-12-14,SELL_HIGH,0.569,0.722,0.583,27.0,True,0.1
Asa Newell,2025-12-18,SELL_HIGH,0.579,0.739,0.55,27.7,True,0.18
Asa Newell,2025-12-19,SELL_HIGH,0.576,0.72,0.625,24.9,True,0.34
Asa Newell,2025-12-21,SELL_HIGH,0.559,0.643,0.609,15.0,True,0.59
Austin Reaves,2025-11-30,SELL_HIGH,0.516,0.605,0.488,17.4,True,0.31
Austin Reaves,2025-12-01,SELL_HIGH,0.52,0.622,0.446,19.5,True,0.74
Austin Reaves,2025-12-04,SELL_HIGH,0.519,0.6,0.451,15.5,True,0.85
Austin Reaves,2025-12-05,SELL_HIGH,0.526,0.646,0.42,22.7,True,0.89
Ayo Dosunmu,2025-12-19,BUY_LOW,0.519,0.385,0.462,-25.9,True,0.43
Ayo Dosunmu,2025-12-21,BUY_LOW,0.516,0.404,0.432,-21.8,True,0.75
Ayo Dosunmu,2025-12-23,BUY_LOW,0.52,0.429,0.356,-17.6,False,1.8
Ayo Dosunmu,2025-12-26,BUY_LOW,0.515,0.405,0.417,-21.4,True,0.89
Ayo Dosunmu,2025-12-27,BUY_LOW,0.515,0.429,0.444,-16.7,True,0.82
Ayo Dosunmu,2026-01-02,BUY_LOW,0.493,0.356,0.621,-27.8,True,0.93
Bam Adebayo,2025-12-09,SELL_HIGH,0.477,0.551,0.438,15.5,True,0.53
Bam Adebayo,2026-01-01,BUY_LOW,0.467,0.397,0.359,-15.0,False,1.53
Baylor Scheierman,2025-12-28,BUY_LOW,0.491,0.273,0.5,-44.5,True,0.04
Ben Sheppard,2025-11-17,BUY_LOW,0.316,0.229,0.344,-27.7,True,0.31
Ben Sheppard,2025-11-19,BUY_LOW,0.314,0.235,0.4,-25.1,True,1.09
Ben Sheppard,2025-11-29,SELL_HIGH,0.333,0.4,0.56,20.0,False,3.4
Ben Sheppard,2025-12-03,SELL_HIGH,0.331,0.381,0.63,15.1,False,5.98
Ben Sheppard,2025-12-31,SELL_HIGH,0.354,0.565,0.538,59.8,True,0.87
Ben Sheppard,2026-01-02,SELL_HIGH,0.364,0.583,0.5,60.4,True,0.62
Ben Sheppard,2026-01-04,SELL_HIGH,0.369,0.56,0.417,51.9,True,0.25
Bennedict Mathurin,2025-12-03,BUY_LOW,0.442,0.375,0.456,-15.2,True,0.21
Bennedict Mathurin,2025-12-22,BUY_LOW,0.433,0.362,0.414,-16.4,True,0.26
Bennedict Mathurin,2025-12-23,BUY_LOW,0.426,0.328,0.433,-23.0,True,0.07
Bennedict Mathurin,2025-12-26,BUY_LOW,0.421,0.333,0.429,-20.9,True,0.08
Bobby Portis,2025-11-10,SELL_HIGH,0.439,0.515,0.524,17.3,False,1.11
Bobby Portis,2025-11-15,SELL_HIGH,0.477,0.639,0.574,33.9,True,0.6
Bobby Portis,2025-11-17,SELL_HIGH,0.47,0.59,0.533,25.5,True,0.53
Bobby Portis,2025-12-05,BUY_LOW,0.475,0.37,0.556,-22.0,True,0.78
Bobby Portis,2025-12-26,SELL_HIGH,0.489,0.569,0.516,16.5,True,0.33
Bones Hyland,2025-12-27,BUY_LOW,0.476,0.395,0.357,-16.9,False,1.48
Bones Hyland,2026-01-03,BUY_LOW,0.458,0.371,0.387,-19.0,True,0.82
Branden Carlson,2025-12-10,SELL_HIGH,0.526,0.667,0.706,26.7,False,1.28
Branden Carlson,2025-12-18,SELL_HIGH,0.565,0.72,0.6,27.5,True,0.23
Branden Carlson,2025-12-22,SELL_HIGH,0.569,0.708,0.6,24.4,True,0.22
Branden Carlson,2025-12-23,SELL_HIGH,0.569,0.667,0.588,17.1,True,0.19
Branden Carlson,2025-12-25,SELL_HIGH,0.569,0.667,0.615,17.1,True,0.47
Branden Carlson,2025-12-28,SELL_HIGH,0.568,0.706,0.577,24.4,True,0.07
Brandin Podziemski,2025-11-16,BUY_LOW,0.438,0.357,0.423,-18.5,True,0.19
Brandin Podziemski,2025-12-20,SELL_HIGH,0.454,0.545,0.5,20.3,True,0.51
Brandin Podziemski,2025-12-22,SELL_HIGH,0.45,0.522,0.571,15.9,False,1.69
Brandin Podziemski,2025-12-25,SELL_HIGH,0.455,0.535,0.489,17.5,True,0.42
Brandin Podziemski,2025-12-28,SELL_HIGH,0.456,0.553,0.455,21.2,True,0.02
Brandin Podziemski,2025-12-29,SELL_HIGH,0.459,0.551,0.425,20.0,True,0.37
Brandin Podziemski,2026-01-02,SELL_HIGH,0.466,0.571,0.361,22.7,True,0.99
Brandon Ingram,2025-11-15,BUY_LOW,0.492,0.412,0.466,-16.2,True,0.33
Brandon Ingram,2025-11-17,BUY_LOW,0.493,0.412,0.473,-16.2,True,0.25
Brandon Ingram,2025-12-07,BUY_LOW,0.462,0.378,0.543,-18.2,True,0.97
Brandon Miller,2025-12-18,BUY_LOW,0.364,0.297,0.442,-18.4,True,1.16
Brandon Williams,2025-11-22,BUY_LOW,0.384,0.259,0.352,-32.5,True,0.26
Brandon Williams,2025-11-24,BUY_LOW,0.396,0.321,0.32,-18.8,False,1.02
Brandon Williams,2025-11-28,BUY_LOW,0.389,0.288,0.326,-25.9,True,0.62
Brandon Williams,2025-11-29,BUY_LOW,0.382,0.276,0.426,-27.7,True,0.42
Brandon Williams,2025-12-01,BUY_LOW,0.38,0.311,0.475,-18.0,True,1.4
Brandon Williams,2025-12-05,BUY_LOW,0.377,0.32,0.524,-15.1,True,2.58
Brandon Williams,2025-12-18,SELL_HIGH,0.396,0.475,0.5,19.8,False,1.32
Brandon Williams,2025-12-20,SELL_HIGH,0.396,0.488,0.568,23.4,False,1.86
Brandon Williams,2025-12-22,SELL_HIGH,0.402,0.524,0.491,30.1,True,0.73
Brandon Williams,2025-12-23,SELL_HIGH,0.398,0.512,0.564,28.8,False,1.45
Brandon Williams,2025-12-29,SELL_HIGH,0.412,0.5,0.519,21.4,False,1.21
Brice Sensabaugh,2025-12-12,BUY_LOW,0.408,0.3,0.463,-26.4,True,0.52
Brice Sensabaugh,2025-12-20,SELL_HIGH,0.424,0.517,0.417,22.1,True,0.08
Brook Lopez,2025-11-12,SELL_HIGH,0.413,0.5,0.421,21.2,True,0.1
Brook Lopez,2025-11-14,SELL_HIGH,0.429,0.567,0.364,32.2,True,0.47
Brook Lopez,2025-11-16,SELL_HIGH,0.423,0.542,0.348,28.2,True,0.63
Brook Lopez,2025-11-17,SELL_HIGH,0.425,0.55,0.308,29.5,True,0.93
Brook Lopez,2025-12-11,BUY_LOW,0.394,0.308,0.485,-21.9,True,1.05
Brook Lopez,2025-12-18,BUY_LOW,0.39,0.273,0.487,-30.1,True,0.83
Brook Lopez,2025-12-20,BUY_LOW,0.394,0.318,0.432,-19.3,True,0.49
Brook Lopez,2025-12-28,SELL_HIGH,0.417,0.485,0.211,16.4,True,3.02
Brook Lopez,2025-12-30,SELL_HIGH,0.417,0.487,0.179,16.8,True,3.4
Bruce Brown,2025-11-24,BUY_LOW,0.424,0.355,0.395,-16.3,True,0.42
Bruce Brown,2025-12-01,BUY_LOW,0.395,0.297,0.536,-24.7,True,1.45
Bruce Brown,2025-12-03,BUY_LOW,0.39,0.263,0.591,-32.6,True,1.58
Bruce Brown,2025-12-11,SELL_HIGH,0.423,0.517,0.556,22.2,False,1.41
Bruce Brown,2025-12-15,SELL_HIGH,0.423,0.536,0.632,26.8,False,1.85
Bruce Brown,2025-12-18,SELL_HIGH,0.421,0.591,0.619,40.5,False,1.17
Bruce Brown,2025-12-23,SELL_HIGH,0.451,0.556,0.645,23.2,False,1.86
Bruce Brown,2025-12-25,SELL_HIGH,0.467,0.632,0.5,35.3,True,0.2
Bruce Brown,2025-12-27,SELL_HIGH,0.465,0.619,0.458,33.1,True,0.04
Bruce Brown,2025-12-29,SELL_HIGH,0.463,0.647,0.5,39.7,True,0.2
Bruce Brown,2025-12-31,SELL_HIGH,0.477,0.686,0.387,43.6,True,0.43
Bruce Brown,2026-01-02,SELL_HIGH,0.48,0.645,0.31,34.3,True,1.03
Bryce McGowens,2025-12-23,SELL_HIGH,0.522,0.654,0.32,25.3,True,1.53
Bryce McGowens,2025-12-26,SELL_HIGH,0.515,0.6,0.394,16.5,True,1.43
Bryce McGowens,2026-01-02,BUY_LOW,0.486,0.267,0.459,-45.1,True,0.12
Bub Carrington,2025-11-21,SELL_HIGH,0.33,0.414,0.412,25.6,True,0.98
Bub Carrington,2025-11-22,SELL_HIGH,0.344,0.481,0.341,39.9,True,0.02
Bub Carrington,2025-11-25,SELL_HIGH,0.343,0.414,0.317,20.6,True,0.37
Bub Carrington,2025-11-28,SELL_HIGH,0.361,0.464,0.317,28.6,True,0.43
Bub Carrington,2025-12-01,SELL_HIGH,0.353,0.419,0.396,18.6,True,0.65
Bub Carrington,2025-12-02,SELL_HIGH,0.352,0.412,0.397,16.8,True,0.74
Bub Carrington,2025-12-20,SELL_HIGH,0.375,0.448,0.524,19.5,False,2.03
Bub Carrington,2025-12-21,SELL_HIGH,0.374,0.467,0.564,24.6,False,2.06
Bub Carrington,2025-12-23,SELL_HIGH,0.388,0.477,0.524,23.0,False,1.53
Buddy Hield,2025-12-18,SELL_HIGH,0.412,0.476,0.476,15.5,False,1.0
Buddy Hield,2025-12-28,SELL_HIGH,0.416,0.5,0.435,20.1,True,0.22
CJ McCollum,2025-11-19,SELL_HIGH,0.394,0.47,0.518,19.1,False,1.64
CJ McCollum,2025-11-28,SELL_HIGH,0.436,0.537,0.462,23.1,True,0.26
CJ McCollum,2025-12-01,SELL_HIGH,0.433,0.518,0.471,19.5,True,0.45
CJ McCollum,2025-12-02,SELL_HIGH,0.44,0.539,0.452,22.5,True,0.12
CJ McCollum,2025-12-04,SELL_HIGH,0.436,0.511,0.463,17.2,True,0.36
CJ McCollum,2025-12-06,SELL_HIGH,0.438,0.511,0.482,16.8,True,0.6
Caleb Love,2025-12-18,SELL_HIGH,0.34,0.4,0.4,17.8,False,1.0
Caleb Love,2025-12-29,SELL_HIGH,0.357,0.426,0.484,19.3,False,1.86
Caleb Love,2025-12-31,SELL_HIGH,0.368,0.474,0.443,28.6,True,0.7
Caleb Love,2026-01-02,SELL_HIGH,0.367,0.469,0.468,27.8,True,0.99
Caleb Love,2026-01-03,SELL_HIGH,0.375,0.469,0.448,24.8,True,0.77
Cam Christie,2025-12-03,BUY_LOW,0.34,0.19,0.4,-43.9,True,0.4
Cam Christie,2025-12-05,BUY_LOW,0.345,0.227,0.333,-34.1,True,0.1
Cam Christie,2025-12-15,BUY_LOW,0.344,0.235,0.333,-31.7,True,0.1
Cam Christie,2025-12-23,BUY_LOW,0.355,0.25,0.2,-29.5,False,1.48
Cam Christie,2025-12-26,BUY_LOW,0.349,0.25,0.2,-28.4,False,1.5
Cam Spencer,2025-11-12,SELL_HIGH,0.442,0.513,0.4,16.1,True,0.58
Cam Spencer,2025-12-02,SELL_HIGH,0.464,0.591,0.681,27.5,False,1.71
Cam Spencer,2025-12-05,SELL_HIGH,0.478,0.619,0.579,29.5,True,0.72
Cam Spencer,2025-12-07,SELL_HIGH,0.488,0.628,0.526,28.6,True,0.27
Cam Spencer,2025-12-12,SELL_HIGH,0.486,0.574,0.536,18.2,True,0.56
Cam Spencer,2025-12-15,SELL_HIGH,0.503,0.659,0.5,31.1,True,0.02
Cam Spencer,2025-12-20,SELL_HIGH,0.515,0.681,0.426,32.2,True,0.54
Cam Whitmore,2025-11-21,SELL_HIGH,0.467,0.543,0.575,16.3,False,1.41
Cam Whitmore,2025-11-22,SELL_HIGH,0.474,0.548,0.476,15.5,True,0.03
Cam Whitmore,2025-11-25,SELL_HIGH,0.492,0.585,0.349,19.0,True,1.54
Cameron Johnson,2025-11-21,SELL_HIGH,0.418,0.5,0.577,19.5,False,1.94
Cameron Johnson,2025-11-22,SELL_HIGH,0.413,0.486,0.554,17.5,False,1.94
Cameron Johnson,2025-11-24,SELL_HIGH,0.435,0.55,0.519,26.5,True,0.73
Cameron Johnson,2025-11-28,SELL_HIGH,0.448,0.574,0.482,28.2,True,0.27
Cameron Johnson,2025-11-29,SELL_HIGH,0.468,0.608,0.404,29.9,True,0.46
Cameron Johnson,2025-12-01,SELL_HIGH,0.473,0.577,0.392,21.9,True,0.78
Cameron Johnson,2025-12-03,SELL_HIGH,0.462,0.554,0.44,19.7,True,0.25
Caris LeVert,2025-11-22,SELL_HIGH,0.507,0.615,0.436,21.3,True,0.66
Caris LeVert,2025-11-24,SELL_HIGH,0.493,0.59,0.372,19.5,True,1.26
Caris LeVert,2025-12-05,BUY_LOW,0.449,0.372,0.516,-17.2,True,0.87
Caris LeVert,2025-12-06,BUY_LOW,0.458,0.361,0.452,-21.2,True,0.07
Caris LeVert,2025-12-12,BUY_LOW,0.464,0.394,0.324,-15.1,False,2.0
Caris LeVert,2025-12-23,BUY_LOW,0.434,0.324,0.464,-25.4,True,0.27
Carter Bryant,2025-12-18,SELL_HIGH,0.333,0.429,0.5,28.6,False,1.75
Carter Bryant,2025-12-19,SELL_HIGH,0.358,0.533,0.25,48.8,True,0.62
Carter Bryant,2025-12-23,SELL_HIGH,0.352,0.462,0.25,31.2,True,0.93
Carter Bryant,2025-12-25,SELL_HIGH,0.364,0.5,0.167,37.5,True,1.44
Cason Wallace,2025-11-11,SELL_HIGH,0.423,0.528,0.405,24.7,True,0.17
Cason Wallace,2025-11-19,BUY_LOW,0.406,0.316,0.55,-22.2,True,1.61
Cason Wallace,2025-11-30,SELL_HIGH,0.445,0.55,0.448,23.5,True,0.03
Cason Wallace,2025-12-22,BUY_LOW,0.425,0.357,0.432,-15.9,True,0.11
Cason Wallace,2025-12-23,BUY_LOW,0.423,0.355,0.441,-16.1,True,0.27
Cason Wallace,2025-12-25,BUY_LOW,0.42,0.281,0.438,-33.1,True,0.12
Cason Wallace,2025-12-28,BUY_LOW,0.411,0.219,0.519,-46.8,True,0.56
Cason Wallace,2025-12-29,BUY_LOW,0.414,0.312,0.44,-24.6,True,0.25
Cedric Coward,2025-11-09,BUY_LOW,0.554,0.469,0.351,-15.3,False,2.39
Cedric Coward,2025-11-12,BUY_LOW,0.509,0.412,0.39,-19.1,False,1.23
Cedric Coward,2025-11-15,BUY_LOW,0.484,0.352,0.415,-27.3,True,0.52
Cedric Coward,2025-11-18,BUY_LOW,0.478,0.385,0.436,-19.5,True,0.44
Cedric Coward,2025-11-20,BUY_LOW,0.477,0.351,0.4,-26.4,True,0.61
Cedric Coward,2025-11-22,BUY_LOW,0.481,0.397,0.354,-17.6,False,1.5
Cedric Coward,2025-11-24,BUY_LOW,0.468,0.39,0.36,-16.7,False,1.38
Cedric Coward,2025-12-02,BUY_LOW,0.452,0.354,0.492,-21.7,True,0.4
Cedric Coward,2025-12-05,BUY_LOW,0.444,0.36,0.516,-18.9,True,0.86
Chet Holmgren,2025-11-30,BUY_LOW,0.552,0.468,0.667,-15.2,True,1.37
Chet Holmgren,2025-12-02,BUY_LOW,0.555,0.452,0.644,-18.6,True,0.86
Chet Holmgren,2025-12-28,BUY_LOW,0.563,0.469,0.65,-16.6,True,0.93
Clint Capela,2025-12-25,BUY_LOW,0.543,0.455,0.542,-16.3,True,0.01
Clint Capela,2025-12-29,BUY_LOW,0.538,0.444,0.5,-17.3,True,0.4
Cody Williams,2025-12-23,SELL_HIGH,0.34,0.412,0.5,21.2,False,2.22
Cody Williams,2025-12-27,SELL_HIGH,0.345,0.409,0.5,18.6,False,2.41
Cody Williams,2025-12-30,SELL_HIGH,0.364,0.423,0.5,16.3,False,2.29
Cody Williams,2026-01-03,SELL_HIGH,0.38,0.462,0.581,21.5,False,2.46
Cody Williams,2026-01-05,SELL_HIGH,0.398,0.5,0.529,25.8,False,1.29
Cole Anthony,2025-11-14,BUY_LOW,0.442,0.373,0.312,-15.8,False,1.86
Cole Anthony,2025-11-15,BUY_LOW,0.45,0.367,0.378,-18.4,True,0.87
Cole Anthony,2025-11-17,BUY_LOW,0.431,0.325,0.359,-24.6,True,0.68
Cole Anthony,2025-11-20,BUY_LOW,0.419,0.256,0.441,-38.9,True,0.13
Cole Anthony,2025-11-22,BUY_LOW,0.412,0.256,0.483,-37.8,True,0.45
Cole Anthony,2025-11-24,BUY_LOW,0.412,0.312,0.5,-24.1,True,0.89
Cole Anthony,2025-12-05,SELL_HIGH,0.425,0.5,0.462,17.6,True,0.49
Cole Anthony,2025-12-06,BUY_LOW,0.425,0.333,0.462,-21.6,True,0.4
Collin Gillespie,2025-11-13,BUY_LOW,0.382,0.278,0.482,-27.4,True,0.95
Collin Gillespie,2025-11-16,BUY_LOW,0.385,0.286,0.492,-25.9,True,1.07
Collin Gillespie,2025-11-24,SELL_HIGH,0.418,0.482,0.507,15.4,False,1.38
Collin Gillespie,2025-11-26,SELL_HIGH,0.424,0.492,0.486,16.1,True,0.92
Collin Gillespie,2025-11-28,SELL_HIGH,0.432,0.524,0.459,21.1,True,0.3
Collin Gillespie,2025-11-29,SELL_HIGH,0.443,0.529,0.413,19.6,True,0.35
Collin Murray-Boyles,2025-11-24,SELL_HIGH,0.507,0.667,0.647,31.4,True,0.88
Collin Murray-Boyles,2025-11-26,SELL_HIGH,0.514,0.692,0.652,34.6,True,0.77
Collin Murray-Boyles,2025-12-02,SELL_HIGH,0.519,0.636,0.667,22.6,False,1.26
Collin Murray-Boyles,2025-12-04,SELL_HIGH,0.535,0.647,0.684,21.0,False,1.33
Collin Murray-Boyles,2025-12-05,SELL_HIGH,0.548,0.652,0.667,18.9,False,1.14
Collin Murray-Boyles,2025-12-07,SELL_HIGH,0.557,0.72,0.579,29.3,True,0.14
Collin Murray-Boyles,2025-12-09,SELL_HIGH,0.557,0.75,0.556,34.7,True,0.01
Collin Murray-Boyles,2025-12-15,SELL_HIGH,0.553,0.667,0.567,20.5,True,0.12
Collin Murray-Boyles,2025-12-18,SELL_HIGH,0.562,0.684,0.471,21.8,True,0.75
Collin Murray-Boyles,2025-12-20,SELL_HIGH,0.565,0.667,0.405,18.0,True,1.57
Collin Murray-Boyles,2026-01-03,BUY_LOW,0.52,0.405,0.595,-22.2,True,0.65
Collin Murray-Boyles,2026-01-05,BUY_LOW,0.523,0.41,0.61,-21.5,True,0.78
Collin Sexton,2025-11-14,BUY_LOW,0.486,0.382,0.431,-21.4,True,0.53
Collin Sexton,2025-11-22,BUY_LOW,0.46,0.39,0.557,-15.3,True,1.39
Collin Sexton,2025-12-23,SELL_HIGH,0.489,0.565,0.462,15.6,True,0.36
Cooper Flagg,2025-11-21,SELL_HIGH,0.455,0.551,0.481,21.2,True,0.28
Cooper Flagg,2025-11-22,SELL_HIGH,0.47,0.562,0.457,19.5,True,0.14
Cooper Flagg,2025-11-24,SELL_HIGH,0.457,0.534,0.532,16.9,True,0.97
Cooper Flagg,2025-12-06,SELL_HIGH,0.475,0.553,0.489,16.3,True,0.18
Cooper Flagg,2025-12-12,SELL_HIGH,0.475,0.55,0.489,15.8,True,0.19
Cooper Flagg,2025-12-15,SELL_HIGH,0.482,0.554,0.505,15.0,True,0.33
Cooper Flagg,2025-12-29,SELL_HIGH,0.494,0.573,0.4,16.1,True,1.18
Corey Kispert,2025-11-12,SELL_HIGH,0.525,0.68,0.452,29.6,True,0.47
Corey Kispert,2025-11-21,BUY_LOW,0.474,0.381,0.535,-19.6,True,0.66
Craig Porter Jr.,2025-12-12,BUY_LOW,0.511,0.421,0.692,-17.5,True,2.03
Craig Porter Jr.,2025-12-27,SELL_HIGH,0.533,0.692,0.35,30.0,True,1.14
Craig Porter Jr.,2026-01-02,BUY_LOW,0.504,0.368,0.4,-26.9,True,0.77
Craig Porter Jr.,2026-01-04,BUY_LOW,0.508,0.4,0.381,-21.3,False,1.18
D'Angelo Russell,2025-12-06,SELL_HIGH,0.404,0.5,0.421,23.8,True,0.18
Dalton Knecht,2025-11-25,SELL_HIGH,0.464,0.542,0.471,16.7,True,0.08
Dalton Knecht,2025-11-30,SELL_HIGH,0.464,0.6,0.5,29.2,True,0.26
Dalton Knecht,2025-12-05,SELL_HIGH,0.479,0.583,0.267,21.7,True,2.04
Dalton Knecht,2025-12-23,BUY_LOW,0.462,0.364,0.5,-21.3,True,0.38
Dalton Knecht,2025-12-25,BUY_LOW,0.45,0.267,0.5,-40.8,True,0.27
Dalton Knecht,2025-12-28,BUY_LOW,0.455,0.364,0.444,-20.1,True,0.12
Dalton Knecht,2025-12-30,BUY_LOW,0.456,0.333,0.364,-26.9,True,0.75
Daniel Gafford,2025-12-03,BUY_LOW,0.617,0.52,0.5,-15.8,False,1.21
Daniel Gafford,2025-12-15,BUY_LOW,0.61,0.478,0.538,-21.6,True,0.54
Daniel Gafford,2025-12-18,BUY_LOW,0.614,0.474,0.6,-22.9,True,0.1
Daniss Jenkins,2025-11-29,SELL_HIGH,0.5,0.588,0.273,17.6,True,2.58
Daniss Jenkins,2025-12-03,BUY_LOW,0.459,0.25,0.316,-45.5,True,0.69
Daniss Jenkins,2025-12-05,BUY_LOW,0.446,0.233,0.421,-47.7,True,0.12
Daniss Jenkins,2025-12-06,BUY_LOW,0.44,0.235,0.438,-46.6,True,0.01
Daniss Jenkins,2025-12-12,BUY_LOW,0.444,0.273,0.364,-38.6,True,0.47
Daniss Jenkins,2025-12-15,BUY_LOW,0.446,0.273,0.32,-38.9,True,0.73
Daniss Jenkins,2025-12-18,BUY_LOW,0.44,0.316,0.333,-28.2,True,0.86
Daniss Jenkins,2025-12-26,BUY_LOW,0.433,0.364,0.5,-16.0,True,0.96
Daniss Jenkins,2025-12-28,BUY_LOW,0.427,0.32,0.448,-25.0,True,0.2
Daniss Jenkins,2025-12-30,BUY_LOW,0.424,0.333,0.444,-21.4,True,0.22
Danny Wolf,2025-12-27,BUY_LOW,0.378,0.304,0.419,-19.4,True,0.57
Danny Wolf,2025-12-29,BUY_LOW,0.39,0.279,0.367,-28.5,True,0.21
Danny Wolf,2026-01-01,BUY_LOW,0.383,0.273,0.417,-28.8,True,0.3
Danny Wolf,2026-01-02,BUY_LOW,0.385,0.281,0.405,-26.9,True,0.2
Darius Garland,2025-12-25,SELL_HIGH,0.397,0.465,0.492,17.1,False,1.39
Darius Garland,2025-12-27,SELL_HIGH,0.403,0.481,0.484,19.3,False,1.03
Darius Garland,2025-12-29,SELL_HIGH,0.409,0.514,0.513,25.5,True,1.0
Darius Garland,2025-12-31,SELL_HIGH,0.408,0.5,0.519,22.6,False,1.21
Darius Garland,2026-01-02,SELL_HIGH,0.414,0.483,0.557,16.6,False,2.08
Darius Garland,2026-01-04,SELL_HIGH,0.418,0.492,0.536,17.7,False,1.59
Davion Mitchell,2025-12-29,BUY_LOW,0.483,0.359,0.4,-25.7,True,0.67
Davion Mitchell,2026-01-01,BUY_LOW,0.483,0.361,0.368,-25.3,True,0.94
Davion Mitchell,2026-01-03,BUY_LOW,0.482,0.314,0.421,-34.8,True,0.36
Day'Ron Sharpe,2025-12-01,BUY_LOW,0.589,0.444,0.6,-24.5,True,0.08
Day'Ron Sharpe,2025-12-03,BUY_LOW,0.584,0.45,0.63,-23.0,True,0.34
Day'Ron Sharpe,2025-12-04,BUY_LOW,0.575,0.381,0.643,-33.7,True,0.35
Day'Ron Sharpe,2025-12-06,BUY_LOW,0.575,0.417,0.68,-27.5,True,0.67
Day'Ron Sharpe,2025-12-29,SELL_HIGH,0.615,0.708,0.559,15.2,True,0.6
De'Andre Hunter,2025-11-17,SELL_HIGH,0.442,0.528,0.517,19.5,True,0.88
De'Andre Hunter,2025-12-12,BUY_LOW,0.444,0.362,0.396,-18.5,True,0.58
De'Andre Hunter,2025-12-14,BUY_LOW,0.436,0.353,0.423,-19.0,True,0.15
De'Andre Hunter,2025-12-17,BUY_LOW,0.429,0.312,0.462,-27.1,True,0.28
De'Andre Hunter,2025-12-19,BUY_LOW,0.429,0.333,0.4,-22.3,True,0.3
De'Andre Hunter,2025-12-22,BUY_LOW,0.425,0.286,0.429,-32.7,True,0.03
De'Andre Hunter,2026-01-04,BUY_LOW,0.425,0.354,0.421,-16.7,True,0.06
DeMar DeRozan,2025-11-26,SELL_HIGH,0.5,0.582,0.492,16.4,True,0.1
Dean Wade,2025-11-19,SELL_HIGH,0.382,0.458,0.318,19.9,True,0.84
Dean Wade,2025-12-19,SELL_HIGH,0.379,0.44,0.419,16.1,True,0.66
Dean Wade,2025-12-25,SELL_HIGH,0.386,0.455,0.458,17.7,False,1.06
Dennis Schröder,2025-11-12,BUY_LOW,0.383,0.28,0.397,-26.9,True,0.14
Dennis Schröder,2025-11-14,BUY_LOW,0.382,0.227,0.444,-40.6,True,0.4
Dennis Schröder,2025-11-16,BUY_LOW,0.383,0.225,0.431,-41.2,True,0.31
Derik Queen,2025-12-14,SELL_HIGH,0.504,0.589,0.574,16.9,True,0.82
Derik Queen,2025-12-18,SELL_HIGH,0.504,0.6,0.542,19.1,True,0.4
Derik Queen,2025-12-20,SELL_HIGH,0.5,0.577,0.552,15.4,True,0.67
Derik Queen,2025-12-22,SELL_HIGH,0.514,0.655,0.429,27.3,True,0.61
Derik Queen,2025-12-23,SELL_HIGH,0.517,0.615,0.414,19.0,True,1.05
Derik Queen,2026-01-04,BUY_LOW,0.5,0.414,0.471,-17.2,True,0.34
Derrick Jones Jr.,2025-11-14,BUY_LOW,0.558,0.436,0.452,-21.9,True,0.87
Derrick Jones Jr.,2025-11-16,BUY_LOW,0.54,0.432,0.6,-20.0,True,0.55
Derrick White,2025-11-12,SELL_HIGH,0.34,0.394,0.388,15.8,True,0.88
Derrick White,2025-11-16,SELL_HIGH,0.352,0.425,0.391,20.7,True,0.54
Derrick White,2025-11-18,SELL_HIGH,0.356,0.415,0.382,16.3,True,0.44
Derrick White,2025-12-05,SELL_HIGH,0.383,0.494,0.482,28.8,True,0.9
Derrick White,2025-12-07,SELL_HIGH,0.388,0.5,0.429,28.8,True,0.36
Derrick White,2025-12-11,SELL_HIGH,0.393,0.489,0.419,24.3,True,0.27
Derrick White,2025-12-15,SELL_HIGH,0.389,0.476,0.438,22.5,True,0.57
Derrick White,2025-12-19,SELL_HIGH,0.396,0.488,0.391,23.2,True,0.06
Derrick White,2025-12-20,SELL_HIGH,0.404,0.482,0.373,19.4,True,0.39
Devin Booker,2025-11-26,BUY_LOW,0.469,0.376,0.386,-19.7,True,0.9
Devin Booker,2025-11-28,BUY_LOW,0.457,0.333,0.448,-27.1,True,0.08
Devin Booker,2025-11-29,BUY_LOW,0.455,0.321,0.469,-29.3,True,0.11
Devin Booker,2025-12-01,BUY_LOW,0.455,0.364,0.476,-20.0,True,0.24
Devin Booker,2025-12-14,BUY_LOW,0.457,0.379,0.495,-17.0,True,0.49
Devin Booker,2025-12-18,BUY_LOW,0.455,0.386,0.479,-15.2,True,0.35
Devin Vassell,2025-11-30,SELL_HIGH,0.437,0.507,0.439,16.2,True,0.04
Devin Vassell,2025-12-02,SELL_HIGH,0.442,0.538,0.375,21.9,True,0.69
Devin Vassell,2025-12-03,SELL_HIGH,0.438,0.513,0.397,17.0,True,0.56
Devin Vassell,2025-12-05,SELL_HIGH,0.438,0.519,0.429,18.5,True,0.12
Devin Vassell,2025-12-08,SELL_HIGH,0.441,0.513,0.418,16.2,True,0.32
Dillon Brooks,2025-11-23,SELL_HIGH,0.46,0.529,0.436,15.1,True,0.35
Dillon Brooks,2025-12-27,SELL_HIGH,0.462,0.557,0.452,20.5,True,0.11
Dominick Barlow,2025-12-19,BUY_LOW,0.505,0.424,0.622,-16.0,True,1.44
Donovan Clingan,2025-11-12,BUY_LOW,0.478,0.375,0.48,-21.5,True,0.02
Donovan Clingan,2025-12-23,SELL_HIGH,0.513,0.6,0.658,17.0,False,1.66
Donovan Clingan,2025-12-26,SELL_HIGH,0.512,0.657,0.65,28.3,True,0.95
Donovan Clingan,2025-12-28,SELL_HIGH,0.514,0.676,0.681,31.3,False,1.03
Donovan Clingan,2025-12-29,SELL_HIGH,0.528,0.711,0.63,34.7,True,0.56
Donovan Clingan,2025-12-31,SELL_HIGH,0.539,0.707,0.578,31.1,True,0.23
Donovan Clingan,2026-01-02,SELL_HIGH,0.536,0.658,0.551,22.6,True,0.12
Donovan Clingan,2026-01-03,SELL_HIGH,0.535,0.65,0.556,21.5,True,0.18
Donovan Mitchell,2025-11-17,BUY_LOW,0.498,0.405,0.515,-18.6,True,0.18
Donte DiVincenzo,2026-01-03,BUY_LOW,0.41,0.333,0.463,-18.7,True,0.69
Donte DiVincenzo,2026-01-04,BUY_LOW,0.409,0.347,0.474,-15.2,True,1.04
Drake Powell,2025-12-12,BUY_LOW,0.48,0.4,0.467,-16.7,True,0.17
Drake Powell,2025-12-14,BUY_LOW,0.48,0.389,0.417,-19.0,True,0.7
Draymond Green,2025-11-14,BUY_LOW,0.416,0.323,0.385,-22.4,True,0.33
Draymond Green,2025-11-16,BUY_LOW,0.393,0.293,0.347,-25.6,True,0.46
Draymond Green,2025-11-18,BUY_LOW,0.373,0.214,0.404,-42.5,True,0.2
Draymond Green,2025-11-21,BUY_LOW,0.391,0.277,0.357,-29.2,True,0.3
Draymond Green,2025-11-26,BUY_LOW,0.388,0.296,0.41,-23.7,True,0.24
Draymond Green,2025-12-22,SELL_HIGH,0.398,0.485,0.543,21.9,False,1.67
Draymond Green,2025-12-25,SELL_HIGH,0.409,0.556,0.529,35.8,True,0.82
Draymond Green,2025-12-28,SELL_HIGH,0.404,0.516,0.514,27.6,True,0.98
Draymond Green,2025-12-29,SELL_HIGH,0.416,0.514,0.455,23.4,True,0.39
Draymond Green,2025-12-31,SELL_HIGH,0.415,0.548,0.486,32.1,True,0.54
Draymond Green,2026-01-03,SELL_HIGH,0.422,0.543,0.457,28.5,True,0.29
Drew Eubanks,2025-11-12,SELL_HIGH,0.673,0.794,0.562,18.0,True,0.91
Drew Eubanks,2025-12-03,BUY_LOW,0.624,0.529,0.6,-15.1,True,0.25
Drew Eubanks,2025-12-06,BUY_LOW,0.614,0.467,0.778,-24.0,True,1.12
Dru Smith,2025-11-29,BUY_LOW,0.439,0.355,0.417,-19.1,True,0.26
Dru Smith,2025-12-05,BUY_LOW,0.451,0.37,0.308,-17.9,False,1.77
Dru Smith,2025-12-19,BUY_LOW,0.424,0.308,0.344,-27.5,True,0.69
Dru Smith,2025-12-21,BUY_LOW,0.409,0.273,0.464,-33.4,True,0.4
Dru Smith,2025-12-23,BUY_LOW,0.412,0.323,0.5,-21.7,True,0.99
Dru Smith,2025-12-26,BUY_LOW,0.42,0.353,0.433,-16.0,True,0.19
Dru Smith,2025-12-27,BUY_LOW,0.412,0.294,0.522,-28.6,True,0.93
Dru Smith,2025-12-29,BUY_LOW,0.409,0.344,0.579,-16.0,True,2.58
Dru Smith,2026-01-03,SELL_HIGH,0.425,0.5,0.571,17.5,False,1.96
Duncan Robinson,2025-12-26,BUY_LOW,0.426,0.357,0.41,-16.2,True,0.23
Duncan Robinson,2026-01-01,BUY_LOW,0.423,0.357,0.489,-15.6,True,1.0
Duop Reath,2025-12-23,BUY_LOW,0.482,0.333,0.2,-30.9,False,1.9
Dylan Harper,2025-12-18,BUY_LOW,0.461,0.391,0.5,-15.2,True,0.56
Dylan Harper,2025-12-29,BUY_LOW,0.46,0.371,0.373,-19.3,True,0.99
Dylan Harper,2025-12-31,BUY_LOW,0.46,0.375,0.326,-18.4,False,1.58
Dyson Daniels,2025-11-10,SELL_HIGH,0.483,0.596,0.486,23.5,True,0.03
Dyson Daniels,2025-11-12,SELL_HIGH,0.469,0.542,0.529,15.6,True,0.83
Dyson Daniels,2025-11-16,BUY_LOW,0.449,0.342,0.564,-23.7,True,1.08
Dyson Daniels,2025-11-23,SELL_HIGH,0.476,0.55,0.516,15.6,True,0.54
Dyson Daniels,2025-11-25,SELL_HIGH,0.488,0.564,0.483,15.6,True,0.06
Dyson Daniels,2026-01-03,SELL_HIGH,0.493,0.581,0.542,17.9,True,0.56
Ethan Thompson,2025-12-26,BUY_LOW,0.385,0.3,0.4,-22.0,True,0.18
Evan Mobley,2025-11-28,SELL_HIGH,0.496,0.593,0.534,19.5,True,0.4
Evan Mobley,2025-11-30,SELL_HIGH,0.49,0.565,0.533,15.1,True,0.58
Evan Mobley,2025-12-01,SELL_HIGH,0.5,0.591,0.48,18.2,True,0.22
Evan Mobley,2025-12-03,SELL_HIGH,0.498,0.576,0.514,15.5,True,0.21
Gary Payton II,2025-12-04,SELL_HIGH,0.5,0.583,0.3,16.7,True,2.4
Gary Payton II,2025-12-22,BUY_LOW,0.469,0.312,0.8,-33.3,True,2.12
Gary Payton II,2025-12-28,SELL_HIGH,0.49,0.571,0.615,16.5,False,1.54
Gary Payton II,2025-12-29,SELL_HIGH,0.495,0.588,0.636,18.8,False,1.52
Gary Payton II,2025-12-31,SELL_HIGH,0.509,0.636,0.657,25.0,False,1.16
Gary Payton II,2026-01-02,SELL_HIGH,0.526,0.8,0.595,52.1,True,0.25
Gary Trent Jr.,2025-11-12,BUY_LOW,0.386,0.314,0.429,-18.6,True,0.59
Gary Trent Jr.,2025-11-24,SELL_HIGH,0.405,0.476,0.366,17.5,True,0.56
Gary Trent Jr.,2026-01-02,BUY_LOW,0.388,0.258,0.32,-33.5,True,0.52
Goga Bitadze,2025-12-18,SELL_HIGH,0.732,0.846,0.571,15.6,True,1.4
Goga Bitadze,2025-12-29,BUY_LOW,0.691,0.5,0.75,-27.7,True,0.31
Goga Bitadze,2025-12-31,BUY_LOW,0.688,0.429,0.739,-37.7,True,0.2
Goga Bitadze,2026-01-02,BUY_LOW,0.699,0.571,0.632,-18.3,True,0.53
Gradey Dick,2025-11-21,SELL_HIGH,0.434,0.519,0.28,19.5,True,1.81
Gradey Dick,2025-11-23,SELL_HIGH,0.427,0.5,0.261,17.1,True,2.27
Gradey Dick,2025-11-29,BUY_LOW,0.402,0.304,0.448,-24.3,True,0.47
Gradey Dick,2025-11-30,BUY_LOW,0.398,0.28,0.478,-29.7,True,0.68
Gradey Dick,2025-12-02,BUY_LOW,0.393,0.261,0.455,-33.6,True,0.47
Gradey Dick,2025-12-09,SELL_HIGH,0.412,0.478,0.333,16.0,True,1.19
Gradey Dick,2025-12-20,BUY_LOW,0.405,0.333,0.292,-17.8,False,1.58
Gradey Dick,2025-12-23,BUY_LOW,0.399,0.333,0.348,-16.4,True,0.78
Gradey Dick,2025-12-26,BUY_LOW,0.389,0.321,0.417,-17.3,True,0.41
Gradey Dick,2025-12-28,BUY_LOW,0.387,0.28,0.545,-27.6,True,1.48
Gradey Dick,2025-12-29,BUY_LOW,0.39,0.292,0.526,-25.1,True,1.4
Gradey Dick,2025-12-31,BUY_LOW,0.397,0.333,0.5,-16.0,True,1.63
Grayson Allen,2025-11-29,SELL_HIGH,0.468,0.569,0.322,21.6,True,1.45
Grayson Allen,2025-12-05,SELL_HIGH,0.462,0.54,0.278,16.8,True,2.37
Guerschon Yabusele,2025-12-02,SELL_HIGH,0.365,0.5,0.538,36.8,False,1.29
Guerschon Yabusele,2025-12-07,SELL_HIGH,0.393,0.562,0.4,43.0,True,0.04
Guerschon Yabusele,2025-12-09,SELL_HIGH,0.406,0.588,0.417,44.8,True,0.06
Guerschon Yabusele,2025-12-13,SELL_HIGH,0.4,0.538,0.5,34.6,True,0.72
Guerschon Yabusele,2025-12-18,SELL_HIGH,0.4,0.636,0.529,59.1,True,0.55
Guerschon Yabusele,2025-12-19,SELL_HIGH,0.386,0.533,0.571,38.3,False,1.26
Gui Santos,2025-12-22,SELL_HIGH,0.433,0.571,0.5,31.9,True,0.48
Gui Santos,2026-01-02,SELL_HIGH,0.456,0.692,0.438,51.9,True,0.08
Gui Santos,2026-01-03,SELL_HIGH,0.458,0.6,0.467,30.9,True,0.06
Harrison Barnes,2025-11-12,SELL_HIGH,0.549,0.657,0.519,19.6,True,0.28
Harrison Barnes,2025-11-14,SELL_HIGH,0.538,0.632,0.519,17.5,True,0.2
Harrison Barnes,2025-12-02,BUY_LOW,0.497,0.382,0.47,-23.2,True,0.24
Harrison Barnes,2025-12-03,BUY_LOW,0.497,0.419,0.411,-15.7,False,1.11
Harrison Barnes,2025-12-05,BUY_LOW,0.487,0.397,0.38,-18.6,False,1.19
Harrison Barnes,2025-12-08,BUY_LOW,0.485,0.39,0.391,-19.7,True,0.98
Harrison Barnes,2025-12-19,BUY_LOW,0.466,0.38,0.487,-18.4,True,0.25
Harrison Barnes,2025-12-21,BUY_LOW,0.468,0.391,0.419,-16.4,True,0.64
Harrison Barnes,2025-12-23,BUY_LOW,0.467,0.333,0.395,-28.7,True,0.54
Harrison Barnes,2025-12-25,BUY_LOW,0.474,0.385,0.278,-18.9,False,2.19
Harrison Barnes,2026-01-03,BUY_LOW,0.451,0.278,0.366,-38.4,True,0.49
Herbert Jones,2025-11-12,SELL_HIGH,0.447,0.535,0.304,19.6,True,1.62
Herbert Jones,2025-11-19,BUY_LOW,0.398,0.311,0.386,-21.9,True,0.14
Herbert Jones,2025-11-21,BUY_LOW,0.397,0.304,0.42,-23.3,True,0.25
Herbert Jones,2025-12-08,BUY_LOW,0.39,0.277,0.435,-29.1,True,0.39
Hugo González,2025-12-11,SELL_HIGH,0.519,0.684,0.552,31.8,True,0.2
Hugo González,2025-12-15,SELL_HIGH,0.509,0.636,0.56,25.1,True,0.4
Hugo González,2025-12-19,SELL_HIGH,0.517,0.737,0.531,42.6,True,0.07
Hugo González,2025-12-20,SELL_HIGH,0.522,0.632,0.519,20.9,True,0.04
Immanuel Quickley,2025-11-15,SELL_HIGH,0.459,0.528,0.491,15.0,True,0.47
Immanuel Quickley,2025-11-17,SELL_HIGH,0.462,0.567,0.459,22.9,True,0.02
Immanuel Quickley,2025-11-19,SELL_HIGH,0.467,0.582,0.406,24.6,True,0.53
Immanuel Quickley,2025-11-21,SELL_HIGH,0.467,0.576,0.405,23.3,True,0.57
Immanuel Quickley,2025-11-23,SELL_HIGH,0.474,0.576,0.397,21.6,True,0.75
Immanuel Quickley,2025-12-15,SELL_HIGH,0.47,0.554,0.303,17.7,True,2.01
Immanuel Quickley,2025-12-18,SELL_HIGH,0.471,0.556,0.299,17.8,True,2.06
Immanuel Quickley,2025-12-21,BUY_LOW,0.452,0.379,0.352,-16.2,False,1.36
Immanuel Quickley,2025-12-23,BUY_LOW,0.446,0.317,0.352,-29.0,True,0.73
Immanuel Quickley,2025-12-26,BUY_LOW,0.442,0.303,0.362,-31.4,True,0.57
Immanuel Quickley,2025-12-28,BUY_LOW,0.442,0.299,0.358,-32.5,True,0.59
Immanuel Quickley,2025-12-29,BUY_LOW,0.443,0.338,0.357,-23.8,True,0.82
Immanuel Quickley,2025-12-31,BUY_LOW,0.436,0.352,0.392,-19.2,True,0.52
Immanuel Quickley,2026-01-03,BUY_LOW,0.431,0.352,0.375,-18.3,True,0.71
Immanuel Quickley,2026-01-05,BUY_LOW,0.43,0.362,0.388,-15.7,True,0.62
Isaac Okoro,2025-11-12,SELL_HIGH,0.431,0.514,0.515,19.2,False,1.02
Isaac Okoro,2025-11-16,SELL_HIGH,0.458,0.545,0.514,19.0,True,0.63
Isaac Okoro,2025-12-23,SELL_HIGH,0.493,0.579,0.515,17.5,True,0.26
Isaac Okoro,2025-12-27,SELL_HIGH,0.49,0.643,0.486,31.3,True,0.03
Isaiah Collier,2025-11-30,BUY_LOW,0.527,0.44,0.467,-16.6,True,0.69
Isaiah Collier,2025-12-01,BUY_LOW,0.508,0.391,0.471,-23.0,True,0.32
Isaiah Collier,2025-12-04,BUY_LOW,0.508,0.364,0.478,-28.4,True,0.21
Isaiah Collier,2025-12-05,BUY_LOW,0.5,0.353,0.5,-29.4,True,0.0
Isaiah Collier,2026-01-03,SELL_HIGH,0.503,0.581,0.553,15.3,True,0.64
Isaiah Jackson,2025-11-19,SELL_HIGH,0.58,0.71,0.6,22.3,True,0.15
Isaiah Jackson,2025-11-21,SELL_HIGH,0.578,0.708,0.696,22.5,True,0.9
Isaiah Jackson,2025-12-01,SELL_HIGH,0.604,0.696,0.524,15.2,True,0.87
Isaiah Jackson,2025-12-03,SELL_HIGH,0.606,0.773,0.538,27.6,True,0.4
Isaiah Jackson,2025-12-05,SELL_HIGH,0.611,0.818,0.52,34.0,True,0.44
Isaiah Jackson,2025-12-08,SELL_HIGH,0.615,0.783,0.44,27.2,True,1.05
Isaiah Jackson,2025-12-12,SELL_HIGH,0.605,0.722,0.478,19.4,True,1.08
Isaiah Joe,2025-12-02,SELL_HIGH,0.448,0.529,0.542,18.3,False,1.15
Isaiah Joe,2025-12-19,SELL_HIGH,0.468,0.562,0.389,20.3,True,0.83
Isaiah Joe,2025-12-22,SELL_HIGH,0.465,0.545,0.333,17.2,True,1.65
Isaiah Joe,2025-12-25,SELL_HIGH,0.461,0.542,0.409,17.5,True,0.65
Isaiah Joe,2025-12-29,BUY_LOW,0.459,0.389,0.308,-15.3,False,2.15
Isaiah Joe,2025-12-31,BUY_LOW,0.454,0.333,0.333,-26.6,False,1.0
Isaiah Stewart,2025-11-24,SELL_HIGH,0.505,0.581,0.593,15.0,False,1.16
Isaiah Stewart,2025-11-29,SELL_HIGH,0.513,0.593,0.621,15.6,False,1.35
Isaiah Stewart,2025-12-12,SELL_HIGH,0.534,0.621,0.514,16.3,True,0.22
Isaiah Stewart,2025-12-15,SELL_HIGH,0.548,0.677,0.447,23.7,True,0.77
Isaiah Stewart,2025-12-18,SELL_HIGH,0.546,0.636,0.41,16.5,True,1.5
Isaiah Stewart,2025-12-26,BUY_LOW,0.528,0.447,0.5,-15.3,True,0.35
Isaiah Stewart,2025-12-28,BUY_LOW,0.52,0.41,0.514,-21.1,True,0.06
Isaiah Stewart,2025-12-30,BUY_LOW,0.512,0.375,0.674,-26.7,True,1.19
Ja Morant,2025-11-11,BUY_LOW,0.358,0.276,0.39,-22.8,True,0.4
Ja Morant,2025-11-15,BUY_LOW,0.352,0.287,0.443,-18.4,True,1.39
Ja Morant,2025-12-12,BUY_LOW,0.359,0.301,0.506,-16.0,True,2.56
Ja'Kobe Walter,2025-11-26,SELL_HIGH,0.434,0.591,0.457,36.2,True,0.15
Ja'Kobe Walter,2025-11-29,SELL_HIGH,0.444,0.562,0.344,26.6,True,0.85
Ja'Kobe Walter,2025-12-07,BUY_LOW,0.411,0.344,0.381,-16.3,True,0.44
Ja'Kobe Walter,2025-12-09,BUY_LOW,0.402,0.323,0.5,-19.8,True,1.23
Ja'Kobe Walter,2025-12-20,BUY_LOW,0.409,0.273,0.576,-33.3,True,1.22
Ja'Kobe Walter,2025-12-23,SELL_HIGH,0.421,0.5,0.471,18.6,True,0.63
Ja'Kobe Walter,2025-12-28,SELL_HIGH,0.436,0.538,0.379,23.5,True,0.55
Ja'Kobe Walter,2025-12-29,SELL_HIGH,0.448,0.576,0.261,28.6,True,1.46
Ja'Kobe Walter,2025-12-31,SELL_HIGH,0.443,0.576,0.379,30.0,True,0.48
Jabari Walker,2025-12-02,SELL_HIGH,0.464,0.556,0.462,19.7,True,0.03
Jabari Walker,2025-12-05,SELL_HIGH,0.471,0.545,0.316,15.9,True,2.07
Jabari Walker,2025-12-20,BUY_LOW,0.437,0.316,0.333,-27.7,True,0.86
Jabari Walker,2025-12-23,BUY_LOW,0.424,0.143,0.455,-66.3,True,0.11
Jabari Walker,2025-12-26,BUY_LOW,0.427,0.214,0.545,-49.8,True,0.56
Jabari Walker,2025-12-28,BUY_LOW,0.427,0.214,0.5,-49.8,True,0.34
Jabari Walker,2026-01-01,BUY_LOW,0.433,0.308,0.455,-28.9,True,0.17
Jabari Walker,2026-01-03,BUY_LOW,0.424,0.333,0.471,-21.4,True,0.51
Jaden Hardy,2025-11-19,SELL_HIGH,0.407,0.5,0.333,22.7,True,0.8
Jaden Hardy,2025-11-21,SELL_HIGH,0.397,0.467,0.294,17.6,True,1.47
Jaden Hardy,2025-12-05,BUY_LOW,0.375,0.294,0.469,-21.6,True,1.16
Jaden Ivey,2025-12-28,SELL_HIGH,0.48,0.567,0.421,18.1,True,0.68
Jaden Ivey,2026-01-01,SELL_HIGH,0.47,0.545,0.405,16.2,True,0.85
Jaden McDaniels,2025-11-10,SELL_HIGH,0.559,0.655,0.509,17.1,True,0.52
Jaden McDaniels,2025-11-29,BUY_LOW,0.53,0.449,0.552,-15.3,True,0.26
Jaden McDaniels,2025-11-30,BUY_LOW,0.524,0.429,0.526,-18.3,True,0.02
Jaden McDaniels,2025-12-02,BUY_LOW,0.521,0.408,0.542,-21.6,True,0.19
Jaden McDaniels,2025-12-21,BUY_LOW,0.502,0.369,0.537,-26.4,True,0.26
Jaden McDaniels,2025-12-25,BUY_LOW,0.495,0.371,0.585,-25.1,True,0.72
Jaden McDaniels,2025-12-27,BUY_LOW,0.504,0.407,0.545,-19.4,True,0.42
Jaden McDaniels,2026-01-04,SELL_HIGH,0.505,0.585,0.612,15.8,False,1.34
Jaime Jaquez Jr.,2025-11-17,BUY_LOW,0.533,0.442,0.509,-17.1,True,0.26
Jaime Jaquez Jr.,2025-11-19,BUY_LOW,0.528,0.425,0.538,-19.5,True,0.1
Jaime Jaquez Jr.,2025-11-21,BUY_LOW,0.516,0.414,0.52,-19.7,True,0.04
Jaime Jaquez Jr.,2025-11-23,BUY_LOW,0.512,0.391,0.49,-23.6,True,0.19
Jaime Jaquez Jr.,2025-12-06,BUY_LOW,0.511,0.431,0.516,-15.6,True,0.05
Jake LaRavia,2025-11-14,BUY_LOW,0.505,0.375,0.438,-25.8,True,0.52
Jake LaRavia,2025-11-15,BUY_LOW,0.515,0.382,0.393,-25.8,True,0.92
Jake LaRavia,2025-11-18,BUY_LOW,0.477,0.314,0.438,-34.1,True,0.24
Jake LaRavia,2025-11-23,BUY_LOW,0.487,0.342,0.36,-29.8,True,0.88
Jake LaRavia,2025-11-25,BUY_LOW,0.48,0.361,0.444,-24.8,True,0.3
Jake LaRavia,2025-11-30,BUY_LOW,0.488,0.393,0.371,-19.5,False,1.22
Jake LaRavia,2025-12-04,BUY_LOW,0.465,0.36,0.357,-22.6,False,1.03
Jake LaRavia,2025-12-07,BUY_LOW,0.468,0.387,0.387,-17.3,False,1.0
Jake LaRavia,2025-12-10,BUY_LOW,0.463,0.371,0.429,-19.8,True,0.38
Jake LaRavia,2025-12-18,BUY_LOW,0.448,0.357,0.474,-20.2,True,0.29
Jake LaRavia,2025-12-20,BUY_LOW,0.455,0.346,0.415,-23.9,True,0.37
Jalen Duren,2025-12-20,BUY_LOW,0.629,0.527,0.662,-16.2,True,0.32
Jalen Johnson,2025-11-28,BUY_LOW,0.547,0.463,0.5,-15.3,True,0.56
Jalen Johnson,2025-12-01,BUY_LOW,0.539,0.443,0.44,-17.8,False,1.04
Jalen Pickett,2026-01-02,BUY_LOW,0.414,0.316,0.55,-23.7,True,1.39
Jalen Smith,2025-12-23,BUY_LOW,0.475,0.4,0.457,-15.7,True,0.23
Jalen Smith,2025-12-29,BUY_LOW,0.466,0.391,0.465,-16.0,True,0.01
Jalen Suggs,2025-12-01,BUY_LOW,0.476,0.4,0.432,-15.9,True,0.57
Jalen Suggs,2025-12-03,BUY_LOW,0.455,0.373,0.5,-18.0,True,0.55
Jalen Suggs,2025-12-05,BUY_LOW,0.46,0.375,0.48,-18.5,True,0.23
Jalen Suggs,2025-12-07,BUY_LOW,0.462,0.368,0.5,-20.2,True,0.41
Jalen Wilson,2025-11-16,BUY_LOW,0.385,0.321,0.25,-16.4,False,2.13
Jalen Wilson,2025-11-23,BUY_LOW,0.375,0.292,0.304,-22.2,True,0.85
Jalen Wilson,2025-11-24,BUY_LOW,0.386,0.25,0.273,-35.2,True,0.83
Jalen Wilson,2025-11-29,BUY_LOW,0.353,0.25,0.474,-29.2,True,1.17
Jalen Wilson,2025-12-04,BUY_LOW,0.368,0.304,0.417,-17.4,True,0.75
Jalen Wilson,2025-12-14,BUY_LOW,0.354,0.273,0.438,-23.1,True,1.02
Jalen Wilson,2025-12-27,SELL_HIGH,0.379,0.474,0.4,24.9,True,0.22
Jamal Murray,2025-12-05,SELL_HIGH,0.503,0.587,0.495,16.7,True,0.1
Jamal Murray,2025-12-07,SELL_HIGH,0.503,0.586,0.467,16.6,True,0.43
Jamal Shead,2025-11-15,BUY_LOW,0.424,0.36,0.412,-15.0,True,0.19
Jamal Shead,2025-11-29,BUY_LOW,0.417,0.353,0.212,-15.3,False,3.21
Jamal Shead,2025-12-02,BUY_LOW,0.385,0.25,0.326,-35.1,True,0.44
Jamal Shead,2025-12-04,BUY_LOW,0.365,0.214,0.362,-41.4,True,0.02
Jamal Shead,2025-12-05,BUY_LOW,0.362,0.12,0.364,-66.8,True,0.01
Jamal Shead,2025-12-07,BUY_LOW,0.359,0.212,0.375,-40.9,True,0.11
Jamal Shead,2025-12-09,BUY_LOW,0.362,0.27,0.333,-25.4,True,0.31
Jamaree Bouyea,2025-12-27,BUY_LOW,0.569,0.444,0.545,-22.0,True,0.19
James Harden,2025-12-03,BUY_LOW,0.435,0.346,0.458,-20.5,True,0.25
Jamison Battle,2025-12-28,BUY_LOW,0.596,0.4,0.571,-32.9,True,0.13
Jamison Battle,2025-12-29,BUY_LOW,0.596,0.462,0.462,-22.6,False,1.0
Jarace Walker,2025-11-15,BUY_LOW,0.297,0.22,0.486,-26.0,True,2.45
Jarace Walker,2025-11-17,BUY_LOW,0.293,0.208,0.543,-28.8,True,2.97
Jarace Walker,2025-11-19,BUY_LOW,0.298,0.2,0.5,-32.9,True,2.06
Jarace Walker,2025-11-21,BUY_LOW,0.306,0.216,0.474,-29.3,True,1.88
Jarace Walker,2025-11-24,BUY_LOW,0.307,0.257,0.45,-16.2,True,2.89
Jarace Walker,2025-11-26,SELL_HIGH,0.335,0.486,0.378,44.9,True,0.29
Jarace Walker,2025-11-28,SELL_HIGH,0.341,0.543,0.355,59.4,True,0.07
Jarace Walker,2025-11-29,SELL_HIGH,0.34,0.5,0.407,46.9,True,0.42
Jarace Walker,2025-12-01,SELL_HIGH,0.338,0.474,0.407,40.0,True,0.51
Jarace Walker,2025-12-03,SELL_HIGH,0.335,0.45,0.438,34.3,True,0.89
Jarace Walker,2025-12-12,SELL_HIGH,0.349,0.407,0.297,16.9,True,0.87
Jarace Walker,2025-12-14,SELL_HIGH,0.347,0.407,0.268,17.5,True,1.3
Jarace Walker,2025-12-18,SELL_HIGH,0.349,0.438,0.27,25.4,True,0.89
Jarace Walker,2025-12-20,SELL_HIGH,0.351,0.414,0.235,17.7,True,1.86
Jarace Walker,2025-12-26,BUY_LOW,0.335,0.268,0.567,-19.8,True,3.5
Jarace Walker,2025-12-27,BUY_LOW,0.338,0.27,0.6,-20.1,True,3.85
Jarace Walker,2025-12-29,BUY_LOW,0.337,0.235,0.613,-30.2,True,2.71
Jarace Walker,2026-01-02,SELL_HIGH,0.352,0.438,0.467,24.3,False,1.34
Jarace Walker,2026-01-04,SELL_HIGH,0.358,0.567,0.424,58.1,True,0.32
Jared McCain,2025-12-02,SELL_HIGH,0.352,0.418,0.425,18.8,False,1.1
Jared McCain,2025-12-04,SELL_HIGH,0.378,0.448,0.324,18.6,True,0.78
Jared McCain,2025-12-05,SELL_HIGH,0.386,0.453,0.316,17.2,True,1.06
Jared McCain,2025-12-26,BUY_LOW,0.351,0.279,0.355,-20.6,True,0.05
Jared McCain,2025-12-28,BUY_LOW,0.35,0.283,0.346,-19.3,True,0.06
Jaren Jackson Jr.,2025-11-24,BUY_LOW,0.47,0.386,0.459,-17.8,True,0.13
Jaren Jackson Jr.,2025-11-28,BUY_LOW,0.461,0.381,0.481,-17.2,True,0.26
Jarred Vanderbilt,2025-12-18,BUY_LOW,0.429,0.357,0.48,-16.7,True,0.72
Jarred Vanderbilt,2025-12-20,BUY_LOW,0.429,0.353,0.571,-17.6,True,1.89
Jarred Vanderbilt,2025-12-23,BUY_LOW,0.418,0.353,0.619,-15.5,True,3.1
Jarred Vanderbilt,2026-01-02,SELL_HIGH,0.464,0.571,0.5,23.1,True,0.33
Jarred Vanderbilt,2026-01-04,SELL_HIGH,0.466,0.619,0.444,32.9,True,0.14
Jarrett Allen,2025-12-27,SELL_HIGH,0.597,0.743,0.593,24.5,True,0.03
Jarrett Allen,2025-12-29,SELL_HIGH,0.603,0.759,0.567,25.8,True,0.23
Javonte Green,2025-11-18,SELL_HIGH,0.396,0.457,0.5,15.4,False,1.71
Javonte Green,2025-11-22,SELL_HIGH,0.406,0.478,0.545,17.7,False,1.93
Javonte Green,2025-11-24,SELL_HIGH,0.424,0.553,0.375,30.3,True,0.38
Javonte Green,2025-11-26,SELL_HIGH,0.426,0.576,0.417,35.2,True,0.06
Javonte Green,2025-11-28,SELL_HIGH,0.417,0.609,0.417,45.8,True,0.0
Javonte Green,2025-11-29,SELL_HIGH,0.41,0.5,0.526,22.1,False,1.29
Javonte Green,2025-12-01,SELL_HIGH,0.421,0.545,0.458,29.7,True,0.3
Javonte Green,2025-12-12,SELL_HIGH,0.427,0.526,0.37,23.1,True,0.58
Javonte Green,2025-12-28,BUY_LOW,0.423,0.357,0.528,-15.6,True,1.58
Jaxson Hayes,2025-12-01,SELL_HIGH,0.75,0.882,0.6,17.6,True,1.13
Jaxson Hayes,2025-12-20,SELL_HIGH,0.767,0.933,0.812,21.7,True,0.27
Jaxson Hayes,2025-12-23,SELL_HIGH,0.766,0.941,0.786,22.8,True,0.11
Jaxson Hayes,2025-12-30,SELL_HIGH,0.766,0.938,0.833,22.4,True,0.39
Jaxson Hayes,2026-01-02,SELL_HIGH,0.78,0.95,0.684,21.7,True,0.57
Jaxson Hayes,2026-01-04,SELL_HIGH,0.784,0.909,0.684,15.9,True,0.8
Jay Huff,2025-11-29,SELL_HIGH,0.412,0.476,0.486,15.5,False,1.15
Jay Huff,2025-12-03,SELL_HIGH,0.436,0.564,0.405,29.4,True,0.24
Jay Huff,2025-12-05,SELL_HIGH,0.424,0.541,0.421,27.3,True,0.03
Jay Huff,2025-12-08,SELL_HIGH,0.438,0.583,0.366,33.3,True,0.49
Jay Huff,2025-12-27,BUY_LOW,0.413,0.333,0.481,-19.2,True,0.87
Jaylen Clark,2025-11-24,BUY_LOW,0.444,0.368,0.308,-17.1,False,1.8
Jaylen Clark,2025-11-26,BUY_LOW,0.421,0.353,0.421,-16.2,True,0.0
Jaylen Clark,2025-11-29,BUY_LOW,0.414,0.294,0.478,-28.9,True,0.54
Jaylen Clark,2025-11-30,BUY_LOW,0.393,0.2,0.545,-49.2,True,0.79
Jaylen Clark,2025-12-04,BUY_LOW,0.418,0.308,0.455,-26.4,True,0.33
Jaylen Clark,2025-12-12,SELL_HIGH,0.434,0.545,0.385,25.8,True,0.44
Jaylen Clark,2025-12-23,BUY_LOW,0.415,0.308,0.474,-25.8,True,0.55
Jaylen Clark,2025-12-31,SELL_HIGH,0.431,0.5,0.471,16.0,True,0.57
Jaylen Wells,2025-11-15,SELL_HIGH,0.365,0.463,0.449,26.9,True,0.85
Jaylen Wells,2025-11-20,SELL_HIGH,0.371,0.438,0.52,18.0,False,2.23
Jaylen Wells,2025-11-26,SELL_HIGH,0.389,0.449,0.651,15.5,False,4.35
Jaylen Wells,2025-11-28,SELL_HIGH,0.414,0.538,0.575,30.1,False,1.29
Jaylen Wells,2025-11-30,SELL_HIGH,0.409,0.52,0.587,27.0,False,1.6
Jaylen Wells,2025-12-02,SELL_HIGH,0.419,0.565,0.549,34.8,True,0.89
Jaylen Wells,2025-12-05,SELL_HIGH,0.43,0.644,0.491,49.9,True,0.28
Jaylen Wells,2025-12-07,SELL_HIGH,0.44,0.651,0.407,47.9,True,0.16
Jaylen Wells,2025-12-12,SELL_HIGH,0.442,0.575,0.371,29.9,True,0.54
Jaylen Wells,2025-12-15,SELL_HIGH,0.444,0.587,0.368,32.3,True,0.52
Jaylen Wells,2025-12-17,SELL_HIGH,0.446,0.549,0.364,23.2,True,0.8
Jaylen Wells,2025-12-28,BUY_LOW,0.431,0.364,0.361,-15.6,False,1.04
Jaylen Wells,2025-12-30,BUY_LOW,0.429,0.358,0.355,-16.4,False,1.05
Jaylin Williams,2025-11-23,SELL_HIGH,0.345,0.423,0.429,22.5,False,1.07
Jaylin Williams,2025-11-30,SELL_HIGH,0.374,0.5,0.25,33.8,True,0.98
Jaylin Williams,2025-12-02,SELL_HIGH,0.365,0.483,0.3,32.1,True,0.56
Jaylin Williams,2025-12-05,SELL_HIGH,0.362,0.429,0.318,18.4,True,0.66
Jaylon Tyson,2025-12-14,SELL_HIGH,0.531,0.648,0.5,22.1,True,0.26
Jerami Grant,2025-12-02,BUY_LOW,0.445,0.377,0.388,-15.4,True,0.84
Jeremiah Fears,2025-11-22,SELL_HIGH,0.462,0.534,0.391,15.7,True,0.99
Jeremiah Fears,2025-12-27,BUY_LOW,0.439,0.37,0.45,-15.8,True,0.16
Jeremiah Fears,2025-12-29,BUY_LOW,0.436,0.351,0.444,-19.5,True,0.1
Jeremiah Fears,2025-12-31,BUY_LOW,0.435,0.357,0.417,-18.0,True,0.24
Jeremiah Fears,2026-01-02,BUY_LOW,0.432,0.36,0.478,-16.6,True,0.64
Jeremy Sochan,2025-11-30,BUY_LOW,0.492,0.375,0.538,-23.7,True,0.4
Jeremy Sochan,2025-12-02,BUY_LOW,0.492,0.357,0.52,-27.4,True,0.21
Jeremy Sochan,2025-12-05,BUY_LOW,0.5,0.423,0.462,-15.4,True,0.5
Jeremy Sochan,2025-12-25,BUY_LOW,0.494,0.4,0.375,-19.1,False,1.27
Jett Howard,2025-12-07,SELL_HIGH,0.449,0.525,0.429,16.9,True,0.27
Jett Howard,2025-12-27,BUY_LOW,0.421,0.316,0.136,-25.0,False,2.7
Jimmy Butler III,2025-11-18,SELL_HIGH,0.526,0.615,0.529,17.1,True,0.04
Jimmy Butler III,2025-12-18,BUY_LOW,0.51,0.426,0.534,-16.4,True,0.3
Jock Landale,2025-11-20,BUY_LOW,0.518,0.415,0.545,-19.9,True,0.27
Jock Landale,2025-12-23,BUY_LOW,0.513,0.435,0.562,-15.2,True,0.64
John Collins,2025-11-16,BUY_LOW,0.5,0.417,0.444,-16.7,True,0.67
John Collins,2025-11-20,BUY_LOW,0.504,0.391,0.432,-22.3,True,0.64
John Collins,2025-12-30,SELL_HIGH,0.511,0.591,0.721,15.7,False,2.62
John Collins,2026-01-01,SELL_HIGH,0.516,0.628,0.744,21.8,False,2.04
John Collins,2026-01-03,SELL_HIGH,0.517,0.667,0.722,28.9,False,1.37
John Collins,2026-01-05,SELL_HIGH,0.53,0.727,0.646,37.3,True,0.59
Johnny Furphy,2026-01-02,SELL_HIGH,0.527,0.609,0.52,15.4,True,0.09
Johnny Furphy,2026-01-04,SELL_HIGH,0.525,0.636,0.55,21.3,True,0.23
Jonas Valančiūnas,2025-12-07,SELL_HIGH,0.576,0.68,0.649,18.1,True,0.7
Jonas Valančiūnas,2025-12-15,SELL_HIGH,0.589,0.688,0.583,16.8,True,0.05
Jonas Valančiūnas,2025-12-18,SELL_HIGH,0.596,0.733,0.5,23.1,True,0.7
Jonas Valančiūnas,2025-12-20,SELL_HIGH,0.599,0.742,0.485,23.9,True,0.79
Jonathan Isaac,2025-12-26,BUY_LOW,0.438,0.357,0.545,-18.4,True,1.34
Jonathan Isaac,2025-12-27,BUY_LOW,0.424,0.312,0.6,-26.3,True,1.57
Jonathan Isaac,2025-12-29,BUY_LOW,0.426,0.308,0.667,-27.9,True,2.02
Jonathan Kuminga,2025-11-11,BUY_LOW,0.468,0.377,0.425,-19.5,True,0.47
Jonathan Kuminga,2025-11-12,BUY_LOW,0.481,0.407,0.293,-15.4,False,2.55
Jonathan Kuminga,2025-11-29,BUY_LOW,0.478,0.375,0.289,-21.5,False,1.84
Jordan Clarkson,2025-11-12,SELL_HIGH,0.473,0.6,0.5,26.9,True,0.21
Jordan Clarkson,2025-11-14,SELL_HIGH,0.468,0.588,0.509,25.6,True,0.34
Jordan Clarkson,2025-11-17,SELL_HIGH,0.467,0.538,0.532,15.2,True,0.91
Jordan Clarkson,2025-12-03,BUY_LOW,0.447,0.36,0.35,-19.5,False,1.11
Jordan Clarkson,2025-12-05,BUY_LOW,0.441,0.319,0.395,-27.7,True,0.38
Jordan Clarkson,2025-12-07,BUY_LOW,0.438,0.302,0.444,-31.0,True,0.05
Jordan Clarkson,2025-12-09,BUY_LOW,0.426,0.311,0.556,-27.0,True,1.12
Jordan Clarkson,2025-12-13,BUY_LOW,0.43,0.333,0.486,-22.5,True,0.59
Jordan Clarkson,2025-12-18,BUY_LOW,0.429,0.35,0.51,-18.3,True,1.03
Jordan Clarkson,2025-12-23,SELL_HIGH,0.446,0.556,0.429,24.5,True,0.16
Jordan Goodwin,2025-11-18,SELL_HIGH,0.429,0.5,0.46,16.7,True,0.44
Jordan Goodwin,2025-11-21,SELL_HIGH,0.425,0.488,0.453,15.0,True,0.44
Jordan Goodwin,2025-11-23,SELL_HIGH,0.451,0.543,0.412,20.4,True,0.43
Jordan Goodwin,2025-11-24,SELL_HIGH,0.454,0.54,0.413,19.0,True,0.47
Jordan Goodwin,2025-12-26,BUY_LOW,0.414,0.348,0.327,-16.0,False,1.32
Jordan Goodwin,2025-12-27,BUY_LOW,0.406,0.279,0.411,-31.3,True,0.03
Jordan Goodwin,2025-12-29,BUY_LOW,0.407,0.312,0.431,-23.2,True,0.26
Jordan Goodwin,2026-01-02,BUY_LOW,0.395,0.302,0.449,-23.5,True,0.59
Jordan Goodwin,2026-01-04,BUY_LOW,0.398,0.327,0.382,-17.9,True,0.22
Jordan Hawkins,2025-11-19,SELL_HIGH,0.314,0.37,0.4,17.8,False,1.53
Jordan Hawkins,2025-11-21,SELL_HIGH,0.325,0.419,0.382,29.2,True,0.61
Jordan Hawkins,2025-11-22,SELL_HIGH,0.317,0.387,0.412,22.1,False,1.35
Jordan Hawkins,2025-12-02,SELL_HIGH,0.337,0.41,0.364,21.8,True,0.37
Jordan Hawkins,2025-12-04,SELL_HIGH,0.343,0.4,0.294,16.7,True,0.85
Jordan Hawkins,2025-12-08,SELL_HIGH,0.345,0.412,0.286,19.4,True,0.88
Jordan Hawkins,2025-12-11,SELL_HIGH,0.342,0.429,0.3,25.4,True,0.48
Jordan Hawkins,2025-12-31,BUY_LOW,0.338,0.286,0.211,-15.6,False,2.43
Jordan Walsh,2025-12-05,SELL_HIGH,0.564,0.704,0.647,24.7,True,0.59
Jordan Walsh,2025-12-07,SELL_HIGH,0.588,0.786,0.571,33.6,True,0.09
Jordan Walsh,2025-12-11,SELL_HIGH,0.581,0.765,0.591,31.7,True,0.06
Jordan Walsh,2025-12-15,SELL_HIGH,0.602,0.811,0.467,34.7,True,0.65
Jordan Walsh,2025-12-19,SELL_HIGH,0.604,0.778,0.438,28.8,True,0.96
Jordan Walsh,2025-12-30,BUY_LOW,0.585,0.467,0.5,-20.2,True,0.72
Jordan Walsh,2026-01-01,BUY_LOW,0.582,0.438,0.467,-24.8,True,0.8
Jordan Walsh,2026-01-03,BUY_LOW,0.577,0.455,0.412,-21.3,False,1.35
Jose Alvarado,2025-12-11,SELL_HIGH,0.447,0.561,0.32,25.5,True,1.11
Jose Alvarado,2025-12-14,SELL_HIGH,0.439,0.541,0.381,23.3,True,0.56
Jose Alvarado,2025-12-22,BUY_LOW,0.43,0.357,0.44,-16.9,True,0.14
Jose Alvarado,2025-12-23,BUY_LOW,0.431,0.32,0.393,-25.8,True,0.35
Josh Giddey,2025-12-05,SELL_HIGH,0.486,0.565,0.435,16.3,True,0.65
Josh Hart,2025-11-14,SELL_HIGH,0.444,0.535,0.522,20.3,True,0.85
Josh Minott,2025-11-16,SELL_HIGH,0.467,0.567,0.684,21.4,False,2.18
Josh Minott,2025-11-23,SELL_HIGH,0.475,0.571,0.571,20.3,False,1.0
Josh Minott,2025-11-26,SELL_HIGH,0.511,0.667,0.481,30.4,True,0.19
Josh Minott,2025-11-29,SELL_HIGH,0.511,0.684,0.5,34.0,True,0.06
Josh Minott,2025-11-30,SELL_HIGH,0.515,0.714,0.5,38.6,True,0.08
Josh Minott,2025-12-15,SELL_HIGH,0.512,0.619,0.375,20.9,True,1.28
Josh Okogie,2025-11-14,BUY_LOW,0.481,0.375,0.393,-22.1,True,0.83
Josh Okogie,2025-11-21,BUY_LOW,0.477,0.364,0.31,-23.8,False,1.47
Josh Okogie,2025-11-30,BUY_LOW,0.437,0.292,0.5,-33.2,True,0.44
Josh Okogie,2025-12-01,BUY_LOW,0.43,0.3,0.562,-30.3,True,1.02
Josh Okogie,2025-12-03,BUY_LOW,0.426,0.31,0.667,-27.1,True,2.09
Josh Okogie,2025-12-05,BUY_LOW,0.423,0.308,0.643,-27.2,True,1.91
Josh Okogie,2025-12-15,SELL_HIGH,0.45,0.562,0.519,25.1,True,0.61
Josh Okogie,2025-12-18,SELL_HIGH,0.475,0.667,0.318,40.5,True,0.81
Josh Okogie,2025-12-20,SELL_HIGH,0.472,0.643,0.368,36.2,True,0.61
Josh Okogie,2025-12-21,SELL_HIGH,0.477,0.6,0.312,25.8,True,1.34
Josh Okogie,2025-12-27,BUY_LOW,0.45,0.318,0.438,-29.3,True,0.09
Josh Okogie,2025-12-29,BUY_LOW,0.458,0.368,0.286,-19.6,False,1.92
Josh Okogie,2026-01-01,BUY_LOW,0.459,0.312,0.267,-31.9,False,1.31
Josh Okogie,2026-01-03,BUY_LOW,0.457,0.375,0.167,-17.9,False,3.54
Julian Champagnie,2025-11-23,SELL_HIGH,0.434,0.5,0.327,15.3,True,1.6
Julian Champagnie,2025-12-03,BUY_LOW,0.399,0.327,0.553,-17.9,True,2.15
Julian Champagnie,2025-12-13,SELL_HIGH,0.433,0.535,0.312,23.6,True,1.18
Julian Champagnie,2025-12-18,SELL_HIGH,0.427,0.553,0.3,29.4,True,1.01
Julian Champagnie,2025-12-19,SELL_HIGH,0.428,0.513,0.226,19.8,True,2.38
Julian Champagnie,2025-12-25,BUY_LOW,0.416,0.312,0.362,-24.9,True,0.53
Julian Champagnie,2025-12-27,BUY_LOW,0.411,0.3,0.431,-27.0,True,0.18
Julian Champagnie,2025-12-29,BUY_LOW,0.402,0.226,0.508,-43.9,True,0.6
Julian Champagnie,2025-12-31,BUY_LOW,0.404,0.25,0.47,-38.1,True,0.43
Julian Phillips,2025-12-07,SELL_HIGH,0.442,0.55,0.385,24.3,True,0.54
Julius Randle,2025-11-29,BUY_LOW,0.498,0.378,0.48,-24.1,True,0.15
Julius Randle,2025-12-02,BUY_LOW,0.502,0.418,0.486,-16.7,True,0.19
Julius Randle,2025-12-04,BUY_LOW,0.498,0.412,0.481,-17.4,True,0.2
Julius Randle,2025-12-23,BUY_LOW,0.481,0.4,0.5,-16.9,True,0.23
Julius Randle,2025-12-25,BUY_LOW,0.482,0.407,0.519,-15.6,True,0.5
Justin Champagnie,2025-12-06,SELL_HIGH,0.41,0.481,0.457,17.5,True,0.66
Justin Champagnie,2025-12-12,SELL_HIGH,0.443,0.515,0.375,16.3,True,0.94
Justin Champagnie,2025-12-14,SELL_HIGH,0.432,0.5,0.457,15.6,True,0.37
Justin Champagnie,2026-01-02,SELL_HIGH,0.453,0.541,0.614,19.3,False,1.84
Justin Champagnie,2026-01-04,SELL_HIGH,0.477,0.571,0.553,19.8,True,0.8
Justin Edwards,2025-11-19,SELL_HIGH,0.453,0.533,0.368,17.8,True,1.05
Justin Edwards,2025-11-25,BUY_LOW,0.416,0.324,0.387,-22.0,True,0.31
Justin Edwards,2025-11-28,BUY_LOW,0.44,0.351,0.292,-20.2,False,1.67
Justin Edwards,2025-12-12,BUY_LOW,0.407,0.292,0.15,-28.4,False,2.22
Justin Edwards,2025-12-14,BUY_LOW,0.389,0.273,0.188,-30.0,False,1.73
Justin Edwards,2025-12-19,BUY_LOW,0.373,0.24,0.35,-35.6,True,0.17
Justin Edwards,2025-12-20,BUY_LOW,0.377,0.25,0.294,-33.7,True,0.65
Justin Edwards,2025-12-23,BUY_LOW,0.374,0.133,0.294,-64.3,True,0.33
Justin Edwards,2025-12-26,BUY_LOW,0.367,0.15,0.333,-59.1,True,0.16
Jusuf Nurkić,2025-11-11,BUY_LOW,0.347,0.275,0.484,-20.7,True,1.91
Jusuf Nurkić,2025-11-23,SELL_HIGH,0.387,0.484,0.643,25.1,False,2.64
Jusuf Nurkić,2025-11-24,SELL_HIGH,0.411,0.548,0.585,33.5,False,1.27
Jusuf Nurkić,2025-11-28,SELL_HIGH,0.424,0.567,0.523,33.7,True,0.69
Jusuf Nurkić,2025-11-30,SELL_HIGH,0.429,0.594,0.556,38.5,True,0.77
Jusuf Nurkić,2025-12-01,SELL_HIGH,0.451,0.618,0.522,36.9,True,0.42
Jusuf Nurkić,2025-12-05,SELL_HIGH,0.459,0.643,0.5,39.9,True,0.22
Jusuf Nurkić,2025-12-07,SELL_HIGH,0.458,0.585,0.537,27.9,True,0.62
Jusuf Nurkić,2025-12-12,SELL_HIGH,0.451,0.523,0.61,16.0,False,2.21
Jusuf Nurkić,2025-12-18,SELL_HIGH,0.462,0.556,0.568,20.3,False,1.13
Karl-Anthony Towns,2025-12-03,SELL_HIGH,0.46,0.56,0.535,21.7,True,0.75
Karl-Anthony Towns,2025-12-19,SELL_HIGH,0.474,0.573,0.486,20.9,True,0.12
Keaton Wallace,2025-11-18,BUY_LOW,0.426,0.344,0.471,-19.3,True,0.54
Keaton Wallace,2025-11-23,BUY_LOW,0.429,0.348,0.429,-18.8,True,0.0
Keaton Wallace,2025-12-05,BUY_LOW,0.419,0.294,0.286,-29.7,False,1.07
Keaton Wallace,2025-12-06,BUY_LOW,0.409,0.278,0.357,-32.1,True,0.4
Keaton Wallace,2025-12-12,BUY_LOW,0.4,0.263,0.385,-34.2,True,0.11
Keaton Wallace,2025-12-14,BUY_LOW,0.4,0.263,0.5,-34.2,True,0.73
Keaton Wallace,2025-12-19,BUY_LOW,0.396,0.263,0.5,-33.5,True,0.79
Keaton Wallace,2025-12-23,BUY_LOW,0.4,0.286,0.471,-28.6,True,0.62
Keaton Wallace,2025-12-31,SELL_HIGH,0.411,0.5,0.529,21.6,False,1.33
Kel'el Ware,2025-11-19,SELL_HIGH,0.544,0.63,0.5,15.9,True,0.51
Kel'el Ware,2025-12-23,SELL_HIGH,0.56,0.674,0.532,20.2,True,0.25
Kel'el Ware,2025-12-27,SELL_HIGH,0.556,0.643,0.551,15.5,True,0.06
Keldon Johnson,2025-11-16,BUY_LOW,0.548,0.425,0.623,-22.5,True,0.6
Kenrich Williams,2025-12-31,SELL_HIGH,0.526,0.609,0.438,15.7,True,1.08
Kenrich Williams,2026-01-04,BUY_LOW,0.5,0.375,0.591,-25.0,True,0.73
Kentavious Caldwell-Pope,2025-11-15,SELL_HIGH,0.351,0.414,0.407,18.1,True,0.9
Kentavious Caldwell-Pope,2025-11-18,SELL_HIGH,0.356,0.52,0.346,45.9,True,0.06
Kentavious Caldwell-Pope,2025-11-20,SELL_HIGH,0.355,0.417,0.367,17.3,True,0.19
Kentavious Caldwell-Pope,2025-12-02,SELL_HIGH,0.371,0.467,0.414,25.9,True,0.45
Kentavious Caldwell-Pope,2025-12-12,SELL_HIGH,0.382,0.5,0.425,30.8,True,0.36
Kentavious Caldwell-Pope,2025-12-15,SELL_HIGH,0.377,0.467,0.459,23.7,True,0.92
Kentavious Caldwell-Pope,2025-12-26,SELL_HIGH,0.392,0.459,0.488,17.2,False,1.42
Kentavious Caldwell-Pope,2025-12-28,SELL_HIGH,0.402,0.5,0.463,24.4,True,0.63
Kentavious Caldwell-Pope,2026-01-02,SELL_HIGH,0.402,0.543,0.45,35.1,True,0.34
Kentavious Caldwell-Pope,2026-01-04,SELL_HIGH,0.41,0.579,0.415,41.0,True,0.02
Keon Ellis,2025-11-26,BUY_LOW,0.44,0.35,0.214,-20.5,False,2.5
Keon Ellis,2025-11-28,BUY_LOW,0.438,0.353,0.167,-19.5,False,3.18
Keon Ellis,2025-11-30,BUY_LOW,0.429,0.312,0.263,-27.1,False,1.43
Keon Ellis,2025-12-03,BUY_LOW,0.429,0.333,0.286,-22.2,False,1.5
Keon Ellis,2025-12-06,BUY_LOW,0.411,0.182,0.333,-55.7,True,0.34
Keon Ellis,2025-12-08,BUY_LOW,0.408,0.214,0.292,-47.5,True,0.6
Keon Ellis,2025-12-11,BUY_LOW,0.406,0.167,0.261,-58.9,True,0.61
Keon Ellis,2025-12-18,BUY_LOW,0.4,0.263,0.379,-34.2,True,0.15
Keon Ellis,2025-12-20,BUY_LOW,0.395,0.286,0.36,-27.7,True,0.32
Keon Ellis,2025-12-21,BUY_LOW,0.395,0.333,0.333,-15.6,False,1.0
Keon Ellis,2025-12-23,BUY_LOW,0.385,0.292,0.432,-24.3,True,0.5
Keon Ellis,2025-12-27,BUY_LOW,0.379,0.261,0.435,-31.2,True,0.47
Kevin Huerter,2025-11-28,BUY_LOW,0.484,0.395,0.435,-18.5,True,0.55
Kevin Huerter,2025-12-01,BUY_LOW,0.48,0.4,0.489,-16.7,True,0.1
Kevin Love,2025-12-07,SELL_HIGH,0.436,0.536,0.386,22.8,True,0.5
Keyonte George,2025-11-30,SELL_HIGH,0.449,0.533,0.375,18.7,True,0.88
Khris Middleton,2026-01-02,BUY_LOW,0.446,0.282,0.343,-36.7,True,0.63
Klay Thompson,2025-12-01,SELL_HIGH,0.368,0.424,0.377,15.0,True,0.16
Klay Thompson,2025-12-03,SELL_HIGH,0.374,0.467,0.333,24.6,True,0.45
Klay Thompson,2025-12-05,SELL_HIGH,0.373,0.45,0.333,20.7,True,0.51
Klay Thompson,2025-12-15,SELL_HIGH,0.369,0.429,0.37,16.1,True,0.02
Kobe Brown,2025-12-20,BUY_LOW,0.377,0.304,0.4,-19.3,True,0.32
Kobe Brown,2025-12-23,BUY_LOW,0.377,0.316,0.4,-16.2,True,0.37
Kobe Brown,2025-12-30,BUY_LOW,0.371,0.278,0.333,-25.1,True,0.4
Kobe Brown,2026-01-01,BUY_LOW,0.369,0.214,0.333,-42.0,True,0.23
Kobe Sanders,2025-12-15,SELL_HIGH,0.414,0.5,0.667,20.8,False,2.93
Kobe Sanders,2025-12-18,SELL_HIGH,0.422,0.611,0.588,44.7,True,0.88
Kobe Sanders,2025-12-23,SELL_HIGH,0.429,0.5,0.542,16.7,False,1.58
Kobe Sanders,2025-12-26,SELL_HIGH,0.447,0.625,0.45,39.9,True,0.02
Kobe Sanders,2025-12-28,SELL_HIGH,0.457,0.667,0.471,45.8,True,0.06
Kobe Sanders,2025-12-30,SELL_HIGH,0.449,0.588,0.457,31.1,True,0.06
Kobe Sanders,2026-01-01,SELL_HIGH,0.443,0.55,0.441,24.0,True,0.02
Kobe Sanders,2026-01-03,SELL_HIGH,0.451,0.542,0.393,20.2,True,0.64
Kon Knueppel,2025-11-23,SELL_HIGH,0.488,0.564,0.394,15.5,True,1.24
Kon Knueppel,2025-12-03,BUY_LOW,0.465,0.394,0.494,-15.2,True,0.4
Kon Knueppel,2025-12-05,BUY_LOW,0.457,0.343,0.549,-25.0,True,0.8
Kon Knueppel,2025-12-20,SELL_HIGH,0.477,0.549,0.517,15.1,True,0.56
Kon Knueppel,2026-01-03,SELL_HIGH,0.485,0.567,0.413,16.9,True,0.88
Kris Dunn,2025-11-17,BUY_LOW,0.467,0.375,0.576,-19.6,True,1.19
Kris Dunn,2025-11-20,BUY_LOW,0.475,0.375,0.541,-21.1,True,0.66
Kris Dunn,2025-11-22,BUY_LOW,0.471,0.333,0.538,-29.2,True,0.49
Kris Dunn,2025-11-23,BUY_LOW,0.478,0.393,0.537,-17.8,True,0.69
Kris Dunn,2025-11-28,SELL_HIGH,0.5,0.576,0.5,15.2,True,0.0
Kris Dunn,2025-12-28,SELL_HIGH,0.503,0.6,0.5,19.4,True,0.03
Kris Dunn,2025-12-30,SELL_HIGH,0.503,0.586,0.432,16.6,True,0.84
Kris Murray,2025-11-16,BUY_LOW,0.463,0.375,0.379,-19.0,True,0.95
Kris Murray,2025-11-26,BUY_LOW,0.43,0.333,0.524,-22.5,True,0.97
Kris Murray,2025-12-11,SELL_HIGH,0.449,0.524,0.429,16.8,True,0.27
Kris Murray,2025-12-26,SELL_HIGH,0.461,0.536,0.385,16.2,True,1.02
Kris Murray,2025-12-28,SELL_HIGH,0.462,0.556,0.367,20.2,True,1.02
Kyle Filipowski,2025-11-23,SELL_HIGH,0.438,0.541,0.444,23.6,True,0.07
Kyle Filipowski,2025-11-24,SELL_HIGH,0.434,0.559,0.512,28.7,True,0.63
Kyle Filipowski,2025-11-28,SELL_HIGH,0.439,0.559,0.475,27.2,True,0.3
Kyle Filipowski,2025-11-30,SELL_HIGH,0.441,0.545,0.54,23.6,True,0.95
Kyle Filipowski,2025-12-15,SELL_HIGH,0.464,0.548,0.568,18.1,False,1.25
Kyle Filipowski,2025-12-18,SELL_HIGH,0.48,0.596,0.486,24.0,True,0.05
Kyle Filipowski,2025-12-22,SELL_HIGH,0.472,0.543,0.472,15.3,True,0.01
Kyle Filipowski,2025-12-26,SELL_HIGH,0.486,0.568,0.314,17.0,True,2.08
Kyle Filipowski,2026-01-03,BUY_LOW,0.455,0.362,0.438,-20.4,True,0.18
Kyle Filipowski,2026-01-05,BUY_LOW,0.461,0.314,0.406,-31.9,True,0.37
Kyle Kuzma,2025-11-22,BUY_LOW,0.49,0.393,0.568,-19.8,True,0.8
Kyle Kuzma,2025-11-26,BUY_LOW,0.494,0.392,0.5,-20.7,True,0.06
Kyle Kuzma,2025-12-23,SELL_HIGH,0.517,0.596,0.452,15.4,True,0.81
Kyshawn George,2025-12-02,BUY_LOW,0.468,0.364,0.44,-22.2,True,0.27
Kyshawn George,2025-12-04,BUY_LOW,0.458,0.306,0.462,-33.1,True,0.03
Kyshawn George,2025-12-06,BUY_LOW,0.466,0.367,0.475,-21.1,True,0.1
LaMelo Ball,2025-11-28,BUY_LOW,0.386,0.325,0.388,-15.7,True,0.03
LaMelo Ball,2025-11-29,BUY_LOW,0.38,0.322,0.455,-15.2,True,1.3
LaMelo Ball,2025-12-26,SELL_HIGH,0.403,0.478,0.434,18.5,True,0.41
LaMelo Ball,2026-01-02,SELL_HIGH,0.409,0.476,0.432,16.4,True,0.34
Landry Shamet,2025-11-12,SELL_HIGH,0.412,0.48,0.5,16.6,False,1.29
Larry Nance Jr.,2025-11-13,BUY_LOW,0.353,0.259,0.385,-26.5,True,0.34
Lauri Markkanen,2025-12-01,BUY_LOW,0.466,0.395,0.484,-15.2,True,0.25
Liam McNeeley,2025-12-05,SELL_HIGH,0.362,0.474,0.588,30.8,False,2.03
Liam McNeeley,2025-12-07,SELL_HIGH,0.361,0.474,0.6,31.3,False,2.12
Liam McNeeley,2025-12-22,SELL_HIGH,0.394,0.542,0.5,37.5,True,0.72
Liam McNeeley,2025-12-23,SELL_HIGH,0.406,0.522,0.3,28.6,True,0.91
Liam McNeeley,2025-12-29,SELL_HIGH,0.406,0.526,0.364,29.7,True,0.35
Liam McNeeley,2025-12-31,SELL_HIGH,0.413,0.588,0.222,42.3,True,1.09
Liam McNeeley,2026-01-02,SELL_HIGH,0.408,0.6,0.3,47.1,True,0.56
Lonzo Ball,2025-11-17,SELL_HIGH,0.354,0.407,0.216,15.1,True,2.57
Lonzo Ball,2025-11-19,SELL_HIGH,0.342,0.406,0.184,18.6,True,2.48
Lonzo Ball,2025-11-21,SELL_HIGH,0.333,0.389,0.188,16.7,True,2.62
Lonzo Ball,2025-12-03,BUY_LOW,0.304,0.216,0.233,-28.9,True,0.8
Lonzo Ball,2025-12-05,BUY_LOW,0.288,0.184,0.36,-36.1,True,0.69
Lonzo Ball,2025-12-12,BUY_LOW,0.292,0.188,0.357,-35.8,True,0.62
Lonzo Ball,2025-12-14,BUY_LOW,0.286,0.194,0.391,-31.9,True,1.16
Lonzo Ball,2025-12-17,BUY_LOW,0.291,0.241,0.353,-17.1,True,1.23
Lonzo Ball,2025-12-19,BUY_LOW,0.288,0.233,0.467,-18.9,True,3.28
Lonzo Ball,2025-12-22,SELL_HIGH,0.301,0.36,0.333,19.4,True,0.54
Luguentz Dort,2025-11-21,SELL_HIGH,0.364,0.471,0.424,29.4,True,0.57
Luguentz Dort,2025-11-23,SELL_HIGH,0.383,0.516,0.405,34.9,True,0.17
Luguentz Dort,2025-11-26,SELL_HIGH,0.379,0.485,0.368,27.8,True,0.1
Luguentz Dort,2025-11-28,SELL_HIGH,0.365,0.447,0.343,22.7,True,0.26
Luguentz Dort,2025-12-29,SELL_HIGH,0.376,0.436,0.405,15.8,True,0.48
Luguentz Dort,2025-12-31,SELL_HIGH,0.369,0.444,0.447,20.5,False,1.04
Luka Garza,2025-11-18,SELL_HIGH,0.574,0.688,0.556,19.8,True,0.16
Luka Garza,2025-11-21,SELL_HIGH,0.581,0.733,0.5,26.3,True,0.53
Luka Garza,2025-11-29,SELL_HIGH,0.559,0.667,0.615,19.3,True,0.52
Luka Garza,2025-12-28,SELL_HIGH,0.593,0.706,0.667,19.0,True,0.65
Luka Garza,2026-01-03,SELL_HIGH,0.606,0.76,0.643,25.5,True,0.24
Luka Garza,2026-01-05,SELL_HIGH,0.606,0.714,0.667,18.0,True,0.56
Luke Kennard,2025-12-01,BUY_LOW,0.455,0.37,0.545,-18.7,True,1.06
Luke Kennard,2025-12-03,BUY_LOW,0.449,0.308,0.611,-31.4,True,1.15
Luke Kennard,2025-12-06,BUY_LOW,0.456,0.35,0.667,-23.3,True,1.98
Luke Kennard,2025-12-14,SELL_HIGH,0.472,0.545,0.538,15.7,True,0.91
Luke Kennard,2025-12-18,SELL_HIGH,0.472,0.611,0.583,29.5,True,0.8
Luke Kennard,2025-12-21,SELL_HIGH,0.485,0.667,0.48,37.5,True,0.03
Luke Kennard,2025-12-29,SELL_HIGH,0.482,0.583,0.611,21.1,False,1.27
Luke Kennard,2025-12-31,SELL_HIGH,0.483,0.556,0.618,15.1,False,1.85
Luke Kornet,2025-11-30,BUY_LOW,0.685,0.522,0.471,-23.9,False,1.31
Luke Kornet,2025-12-02,BUY_LOW,0.691,0.565,0.421,-18.2,False,2.15
Luke Kornet,2025-12-03,BUY_LOW,0.661,0.522,0.524,-21.1,True,0.99
Luke Kornet,2025-12-08,BUY_LOW,0.661,0.478,0.522,-27.7,True,0.76
Luke Kornet,2025-12-10,BUY_LOW,0.647,0.524,0.607,-19.0,True,0.32
Luke Kornet,2025-12-13,BUY_LOW,0.634,0.471,0.679,-25.8,True,0.27
Luke Kornet,2025-12-18,BUY_LOW,0.622,0.421,0.724,-32.3,True,0.51
Luke Kornet,2025-12-19,BUY_LOW,0.625,0.524,0.731,-16.2,True,1.05
Luke Kornet,2025-12-21,BUY_LOW,0.624,0.522,0.76,-16.3,True,1.34
Luke Kornet,2025-12-31,SELL_HIGH,0.655,0.76,0.69,16.1,True,0.33
Luke Kornet,2026-01-02,SELL_HIGH,0.658,0.778,0.704,18.2,True,0.38
Luke Kornet,2026-01-03,SELL_HIGH,0.667,0.778,0.679,16.7,True,0.11
Malik Monk,2025-11-16,BUY_LOW,0.485,0.409,0.403,-15.6,False,1.08
Malik Monk,2025-11-19,BUY_LOW,0.456,0.347,0.456,-23.9,True,0.0
Malik Monk,2025-11-20,BUY_LOW,0.463,0.327,0.418,-29.5,True,0.33
Malik Monk,2025-11-22,BUY_LOW,0.457,0.348,0.441,-23.8,True,0.14
Malik Monk,2025-11-24,BUY_LOW,0.447,0.333,0.479,-25.4,True,0.29
Malik Monk,2025-12-23,BUY_LOW,0.437,0.303,0.355,-30.7,True,0.61
Malik Monk,2025-12-27,BUY_LOW,0.435,0.353,0.364,-18.9,True,0.87
Marcus Smart,2025-11-14,BUY_LOW,0.403,0.333,0.468,-17.2,True,0.94
Marcus Smart,2026-01-02,BUY_LOW,0.399,0.278,0.385,-30.4,True,0.12
Mark Williams,2025-11-21,SELL_HIGH,0.629,0.767,0.696,21.9,True,0.48
Mark Williams,2025-11-23,SELL_HIGH,0.632,0.733,0.698,16.0,True,0.65
Mark Williams,2025-11-26,SELL_HIGH,0.64,0.757,0.705,18.2,True,0.55
Mark Williams,2025-12-27,SELL_HIGH,0.675,0.784,0.444,16.1,True,2.12
Marvin Bagley III,2025-11-19,BUY_LOW,0.655,0.542,0.543,-17.3,True,0.98
Matas Buzelis,2025-12-01,BUY_LOW,0.455,0.364,0.517,-20.1,True,0.68
Matas Buzelis,2025-12-17,SELL_HIGH,0.471,0.553,0.608,17.3,False,1.67
Matas Buzelis,2025-12-19,SELL_HIGH,0.47,0.575,0.612,22.2,False,1.36
Matas Buzelis,2025-12-21,SELL_HIGH,0.477,0.574,0.542,20.4,True,0.66
Matas Buzelis,2025-12-23,SELL_HIGH,0.493,0.652,0.444,32.2,True,0.31
Matas Buzelis,2025-12-26,SELL_HIGH,0.5,0.674,0.4,34.8,True,0.57
Matas Buzelis,2025-12-27,SELL_HIGH,0.494,0.608,0.409,23.1,True,0.74
Matas Buzelis,2025-12-29,SELL_HIGH,0.492,0.612,0.466,24.4,True,0.22
Max Christie,2025-11-17,BUY_LOW,0.477,0.392,0.538,-17.8,True,0.73
Max Christie,2025-12-25,BUY_LOW,0.476,0.385,0.559,-19.2,True,0.91
Max Christie,2025-12-29,BUY_LOW,0.468,0.375,0.55,-19.9,True,0.88
Maxime Raynaud,2026-01-02,SELL_HIGH,0.547,0.633,0.629,15.6,True,0.95
Maxime Raynaud,2026-01-04,SELL_HIGH,0.543,0.625,0.667,15.0,False,1.51
Micah Peavy,2025-11-24,SELL_HIGH,0.377,0.467,0.476,23.7,False,1.11
Micah Peavy,2025-11-26,SELL_HIGH,0.403,0.487,0.429,20.8,True,0.3
Micah Peavy,2025-12-27,SELL_HIGH,0.413,0.583,0.261,41.2,True,0.9
Micah Peavy,2026-01-04,BUY_LOW,0.388,0.222,0.4,-42.8,True,0.07
Mikal Bridges,2025-11-28,SELL_HIGH,0.525,0.617,0.6,17.6,True,0.82
Mikal Bridges,2025-12-03,SELL_HIGH,0.539,0.623,0.477,15.6,True,0.74
Mike Conley,2025-11-15,SELL_HIGH,0.423,0.533,0.333,26.1,True,0.81
Mike Conley,2025-11-26,BUY_LOW,0.397,0.333,0.318,-16.1,False,1.24
Mike Conley,2025-11-29,BUY_LOW,0.39,0.3,0.35,-23.0,True,0.44
Mike Conley,2025-11-30,BUY_LOW,0.405,0.333,0.217,-17.7,False,2.62
Mike Conley,2025-12-06,BUY_LOW,0.379,0.318,0.25,-16.0,False,2.12
Mike Conley,2025-12-21,BUY_LOW,0.363,0.217,0.278,-40.1,True,0.58
Mike Conley,2025-12-23,BUY_LOW,0.361,0.2,0.286,-44.6,True,0.47
Mike Conley,2025-12-25,BUY_LOW,0.36,0.231,0.333,-35.8,True,0.2
Mike Conley,2025-12-29,BUY_LOW,0.357,0.25,0.333,-29.9,True,0.22
Mike Conley,2025-12-31,BUY_LOW,0.356,0.238,0.357,-33.1,True,0.01
Mike Conley,2026-01-03,BUY_LOW,0.35,0.278,0.462,-20.6,True,1.54
Miles Bridges,2025-12-20,SELL_HIGH,0.434,0.5,0.404,15.2,True,0.46
Miles McBride,2025-12-03,SELL_HIGH,0.435,0.535,0.489,22.9,True,0.54
Miles McBride,2025-12-05,SELL_HIGH,0.436,0.548,0.442,25.7,True,0.06
Miles McBride,2025-12-07,SELL_HIGH,0.448,0.533,0.44,19.0,True,0.1
Mitchell Robinson,2025-12-23,SELL_HIGH,0.717,0.833,0.462,16.2,True,2.2
Mohamed Diawara,2026-01-03,SELL_HIGH,0.415,0.481,0.0,16.0,True,6.25
Moses Moody,2025-11-16,BUY_LOW,0.413,0.34,0.421,-17.7,True,0.1
Moses Moody,2025-11-29,BUY_LOW,0.408,0.327,0.395,-20.0,True,0.17
Moses Moody,2025-12-02,BUY_LOW,0.403,0.327,0.444,-18.9,True,0.54
Moses Moody,2025-12-04,BUY_LOW,0.398,0.333,0.5,-16.2,True,1.58
Moses Moody,2025-12-18,SELL_HIGH,0.416,0.5,0.4,20.2,True,0.19
Mouhamed Gueye,2025-11-20,BUY_LOW,0.5,0.423,0.5,-15.4,True,0.0
Mouhamed Gueye,2025-11-22,BUY_LOW,0.494,0.385,0.586,-22.1,True,0.84
Mouhamed Gueye,2025-11-23,BUY_LOW,0.488,0.4,0.552,-18.1,True,0.72
Mouhamed Gueye,2025-11-25,BUY_LOW,0.484,0.381,0.538,-21.2,True,0.54
Mouhamed Gueye,2025-12-14,BUY_LOW,0.492,0.312,0.417,-36.5,True,0.42
Mouhamed Gueye,2025-12-18,BUY_LOW,0.488,0.357,0.455,-26.9,True,0.26
Mouhamed Gueye,2025-12-26,BUY_LOW,0.486,0.412,0.0,-15.2,False,6.57
Moussa Diabaté,2025-11-29,BUY_LOW,0.65,0.545,0.55,-16.1,True,0.96
Moussa Diabaté,2025-12-12,BUY_LOW,0.636,0.524,0.412,-17.6,False,2.0
Moussa Diabaté,2025-12-22,BUY_LOW,0.62,0.462,0.607,-25.6,True,0.08
Myles Turner,2025-11-10,SELL_HIGH,0.442,0.511,0.438,15.6,True,0.07
Myles Turner,2025-12-26,BUY_LOW,0.422,0.347,0.37,-17.8,True,0.7
Myles Turner,2025-12-27,BUY_LOW,0.413,0.333,0.417,-19.4,True,0.04
Myles Turner,2025-12-29,BUY_LOW,0.414,0.339,0.426,-18.2,True,0.15
Nae'Qwan Tomlin,2025-12-03,SELL_HIGH,0.515,0.593,0.448,15.1,True,0.85
Nae'Qwan Tomlin,2025-12-14,BUY_LOW,0.479,0.375,0.48,-21.7,True,0.01
Nae'Qwan Tomlin,2025-12-19,BUY_LOW,0.485,0.407,0.423,-16.0,True,0.8
Nae'Qwan Tomlin,2025-12-22,BUY_LOW,0.478,0.387,0.412,-19.0,True,0.73
Naji Marshall,2025-12-06,SELL_HIGH,0.508,0.612,0.66,20.6,False,1.46
Naji Marshall,2025-12-12,SELL_HIGH,0.517,0.653,0.654,26.3,False,1.01
Naji Marshall,2025-12-15,SELL_HIGH,0.523,0.681,0.63,30.1,True,0.67
Naji Marshall,2025-12-18,SELL_HIGH,0.527,0.673,0.571,27.8,True,0.31
Naji Marshall,2025-12-20,SELL_HIGH,0.528,0.653,0.554,23.8,True,0.21
Naji Marshall,2025-12-22,SELL_HIGH,0.538,0.66,0.518,22.6,True,0.17
Naji Marshall,2025-12-23,SELL_HIGH,0.545,0.654,0.491,20.0,True,0.5
Naji Marshall,2025-12-25,SELL_HIGH,0.545,0.63,0.472,15.6,True,0.86
Naz Reid,2025-11-15,BUY_LOW,0.42,0.347,0.521,-17.4,True,1.38
Neemias Queta,2025-11-18,BUY_LOW,0.613,0.5,0.781,-18.4,True,1.49
Neemias Queta,2025-12-04,SELL_HIGH,0.656,0.781,0.629,19.1,True,0.22
Neemias Queta,2025-12-05,SELL_HIGH,0.664,0.806,0.594,21.3,True,0.5
Neemias Queta,2025-12-07,SELL_HIGH,0.662,0.812,0.677,22.7,True,0.1
Nic Claxton,2025-11-11,SELL_HIGH,0.622,0.737,0.491,18.4,True,1.15
Nic Claxton,2025-11-24,BUY_LOW,0.576,0.489,0.5,-15.1,True,0.88
Nic Claxton,2025-11-28,BUY_LOW,0.56,0.442,0.545,-21.1,True,0.12
Nic Claxton,2025-11-29,BUY_LOW,0.55,0.391,0.581,-28.9,True,0.2
Nic Claxton,2025-12-03,BUY_LOW,0.549,0.462,0.562,-15.9,True,0.16
Nick Richards,2025-12-05,BUY_LOW,0.517,0.417,0.273,-19.4,False,2.43
Nickeil Alexander-Walker,2025-12-23,BUY_LOW,0.451,0.375,0.437,-16.8,True,0.19
Nicolas Batum,2025-11-20,SELL_HIGH,0.333,0.4,0.615,20.0,False,4.23
Nicolas Batum,2025-11-22,SELL_HIGH,0.345,0.476,0.438,38.1,True,0.71
Nicolas Batum,2025-11-23,SELL_HIGH,0.371,0.5,0.429,34.8,True,0.45
Nicolas Batum,2025-11-25,SELL_HIGH,0.373,0.524,0.462,40.4,True,0.59
Nicolas Batum,2025-11-28,SELL_HIGH,0.386,0.55,0.353,42.6,True,0.2
Nicolas Batum,2025-11-29,SELL_HIGH,0.386,0.615,0.35,59.5,True,0.16
Nicolas Batum,2025-12-01,SELL_HIGH,0.365,0.438,0.429,19.9,True,0.88
Nicolas Batum,2025-12-05,SELL_HIGH,0.388,0.462,0.348,19.1,True,0.54
Nicolas Batum,2026-01-03,SELL_HIGH,0.402,0.5,0.438,24.5,True,0.36
Nicolas Batum,2026-01-05,SELL_HIGH,0.405,0.5,0.5,23.6,False,1.0
Nikola Jović,2025-12-01,BUY_LOW,0.4,0.267,0.259,-33.3,False,1.06
Nikola Jović,2025-12-03,BUY_LOW,0.396,0.238,0.35,-39.9,True,0.29
Nikola Jović,2025-12-06,BUY_LOW,0.389,0.235,0.42,-39.5,True,0.2
Nikola Vučević,2025-11-16,BUY_LOW,0.511,0.419,0.468,-17.9,True,0.47
Nikola Vučević,2025-11-17,BUY_LOW,0.506,0.4,0.479,-21.0,True,0.26
Nikola Vučević,2025-11-19,BUY_LOW,0.485,0.338,0.5,-30.2,True,0.1
Nikola Vučević,2025-11-21,BUY_LOW,0.495,0.397,0.515,-19.7,True,0.21
Nikola Vučević,2025-11-22,BUY_LOW,0.485,0.403,0.5,-16.8,True,0.19
Nikola Vučević,2025-12-17,BUY_LOW,0.478,0.387,0.536,-19.0,True,0.65
Nique Clifford,2025-11-20,BUY_LOW,0.333,0.211,0.429,-36.8,True,0.78
Nique Clifford,2025-11-22,BUY_LOW,0.352,0.278,0.5,-21.1,True,2.0
Nique Clifford,2025-12-06,BUY_LOW,0.343,0.273,0.483,-20.6,True,1.98
Nique Clifford,2025-12-08,SELL_HIGH,0.4,0.526,0.375,31.6,True,0.2
Nique Clifford,2025-12-11,SELL_HIGH,0.407,0.565,0.324,38.7,True,0.53
Nique Clifford,2025-12-14,SELL_HIGH,0.382,0.452,0.417,18.2,True,0.5
Nique Clifford,2025-12-20,SELL_HIGH,0.385,0.483,0.422,25.3,True,0.38
Nique Clifford,2025-12-23,BUY_LOW,0.383,0.324,0.475,-15.4,True,1.56
Nique Clifford,2026-01-02,SELL_HIGH,0.406,0.475,0.423,16.9,True,0.24
Noah Clowney,2025-11-14,SELL_HIGH,0.333,0.389,0.462,16.7,False,2.31
Noah Clowney,2025-11-23,SELL_HIGH,0.372,0.457,0.483,22.8,False,1.31
Noah Clowney,2025-11-24,SELL_HIGH,0.382,0.462,0.482,20.7,False,1.26
Noah Clowney,2025-11-28,SELL_HIGH,0.399,0.508,0.481,27.5,True,0.76
Noah Clowney,2025-11-29,SELL_HIGH,0.389,0.449,0.51,15.4,False,2.01
Noah Clowney,2025-12-03,SELL_HIGH,0.408,0.483,0.443,18.4,True,0.46
Noah Clowney,2025-12-04,SELL_HIGH,0.411,0.482,0.377,17.2,True,0.49
Noah Clowney,2025-12-12,SELL_HIGH,0.417,0.51,0.339,22.1,True,0.85
Noah Clowney,2025-12-27,BUY_LOW,0.401,0.339,0.38,-15.4,True,0.34
Noah Clowney,2025-12-29,BUY_LOW,0.401,0.339,0.373,-15.3,True,0.46
Noah Clowney,2026-01-01,BUY_LOW,0.4,0.327,0.357,-18.2,True,0.59
Noah Clowney,2026-01-04,BUY_LOW,0.391,0.327,0.367,-16.4,True,0.38
Noah Penda,2025-12-31,BUY_LOW,0.453,0.312,0.417,-31.0,True,0.26
Norman Powell,2025-12-21,BUY_LOW,0.487,0.41,0.447,-15.8,True,0.51
Norman Powell,2025-12-23,BUY_LOW,0.483,0.407,0.473,-15.8,True,0.14
Norman Powell,2025-12-26,BUY_LOW,0.478,0.393,0.494,-17.8,True,0.19
Norman Powell,2025-12-29,BUY_LOW,0.476,0.4,0.56,-16.0,True,1.09
OG Anunoby,2025-12-29,BUY_LOW,0.459,0.353,0.383,-23.1,True,0.71
OG Anunoby,2025-12-31,BUY_LOW,0.451,0.35,0.479,-22.4,True,0.28
OG Anunoby,2026-01-02,BUY_LOW,0.446,0.377,0.489,-15.4,True,0.64
OG Anunoby,2026-01-03,BUY_LOW,0.443,0.355,0.551,-19.9,True,1.23
Ochai Agbaji,2025-12-18,SELL_HIGH,0.391,0.458,0.424,17.1,True,0.49
Onyeka Okongwu,2025-11-10,BUY_LOW,0.475,0.391,0.603,-17.7,True,1.52
Onyeka Okongwu,2025-11-12,BUY_LOW,0.468,0.354,0.625,-24.4,True,1.37
Onyeka Okongwu,2025-11-20,SELL_HIGH,0.524,0.603,0.493,15.0,True,0.4
Onyeka Okongwu,2025-11-23,SELL_HIGH,0.526,0.625,0.487,18.9,True,0.39
Oso Ighodaro,2025-11-21,SELL_HIGH,0.561,0.75,0.588,33.6,True,0.14
Oso Ighodaro,2025-11-23,SELL_HIGH,0.559,0.75,0.684,34.1,True,0.65
Oso Ighodaro,2025-11-24,SELL_HIGH,0.557,0.75,0.667,34.6,True,0.57
Oso Ighodaro,2025-11-28,SELL_HIGH,0.557,0.65,0.789,16.7,False,2.5
Oso Ighodaro,2025-12-01,SELL_HIGH,0.59,0.684,0.545,16.0,True,0.47
Oso Ighodaro,2025-12-08,SELL_HIGH,0.59,0.824,0.556,39.5,True,0.15
Oso Ighodaro,2025-12-10,SELL_HIGH,0.607,0.789,0.522,30.1,True,0.47
Oso Ighodaro,2025-12-29,SELL_HIGH,0.613,0.789,0.619,28.7,True,0.03
Oso Ighodaro,2025-12-31,SELL_HIGH,0.615,0.842,0.65,37.0,True,0.16
Oso Ighodaro,2026-01-02,SELL_HIGH,0.595,0.688,0.765,15.5,False,1.84
Oso Ighodaro,2026-01-04,SELL_HIGH,0.606,0.7,0.75,15.5,False,1.53
P.J. Washington,2025-11-21,BUY_LOW,0.423,0.357,0.476,-15.6,True,0.81
Pascal Siakam,2025-11-29,SELL_HIGH,0.477,0.554,0.495,16.2,True,0.24
Pat Spencer,2025-12-02,SELL_HIGH,0.373,0.45,0.544,20.7,False,2.22
Pat Spencer,2025-12-04,SELL_HIGH,0.411,0.485,0.522,18.0,False,1.5
Pat Spencer,2025-12-06,SELL_HIGH,0.432,0.571,0.476,32.2,True,0.32
Pat Spencer,2025-12-07,SELL_HIGH,0.452,0.579,0.371,28.2,True,0.63
Pat Spencer,2025-12-12,SELL_HIGH,0.466,0.596,0.31,27.8,True,1.2
Pat Spencer,2025-12-14,SELL_HIGH,0.457,0.544,0.222,19.0,True,2.7
Patrick Williams,2025-11-12,BUY_LOW,0.443,0.355,0.394,-19.8,True,0.55
Patrick Williams,2025-11-16,BUY_LOW,0.435,0.367,0.353,-15.7,False,1.2
Patrick Williams,2025-11-29,BUY_LOW,0.396,0.297,0.278,-25.0,False,1.2
Patrick Williams,2025-12-01,BUY_LOW,0.381,0.27,0.405,-29.1,True,0.22
Patrick Williams,2025-12-03,BUY_LOW,0.376,0.27,0.429,-28.1,True,0.5
Patrick Williams,2025-12-05,BUY_LOW,0.379,0.263,0.419,-30.5,True,0.35
Patrick Williams,2025-12-07,BUY_LOW,0.376,0.289,0.435,-23.0,True,0.68
Patrick Williams,2025-12-12,BUY_LOW,0.367,0.278,0.458,-24.4,True,1.02
Patrick Williams,2025-12-23,SELL_HIGH,0.38,0.458,0.464,20.6,False,1.08
Patrick Williams,2025-12-27,BUY_LOW,0.376,0.278,0.394,-26.1,True,0.19
Patrick Williams,2025-12-29,BUY_LOW,0.374,0.214,0.389,-42.6,True,0.1
Patrick Williams,2025-12-31,BUY_LOW,0.374,0.263,0.394,-29.6,True,0.18
Paul George,2026-01-01,BUY_LOW,0.403,0.328,0.438,-18.5,True,0.46
Paul Reed,2025-12-12,BUY_LOW,0.646,0.522,0.5,-19.2,False,1.18
Paul Reed,2025-12-26,BUY_LOW,0.647,0.5,0.476,-22.7,False,1.16
Pelle Larsson,2025-11-21,BUY_LOW,0.51,0.419,0.341,-17.9,False,1.85
Pelle Larsson,2025-11-24,BUY_LOW,0.484,0.37,0.344,-23.6,False,1.23
Pelle Larsson,2025-11-26,BUY_LOW,0.477,0.354,0.269,-25.8,False,1.69
Pelle Larsson,2025-11-29,BUY_LOW,0.465,0.327,0.278,-29.7,False,1.35
Pelle Larsson,2025-12-01,BUY_LOW,0.459,0.341,0.48,-25.8,True,0.17
Pelle Larsson,2025-12-03,BUY_LOW,0.463,0.3,0.516,-35.2,True,0.33
Pelle Larsson,2025-12-05,BUY_LOW,0.455,0.344,0.516,-24.4,True,0.56
Pelle Larsson,2025-12-09,BUY_LOW,0.443,0.269,0.548,-39.2,True,0.6
Pelle Larsson,2025-12-26,BUY_LOW,0.444,0.278,0.51,-37.4,True,0.4
Peyton Watson,2025-11-15,BUY_LOW,0.434,0.367,0.592,-15.5,True,2.35
Peyton Watson,2025-11-24,SELL_HIGH,0.51,0.592,0.492,16.1,True,0.22
Peyton Watson,2025-12-27,SELL_HIGH,0.509,0.613,0.486,20.3,True,0.22
Peyton Watson,2025-12-29,SELL_HIGH,0.516,0.6,0.474,16.3,True,0.49
Precious Achiuwa,2025-12-28,BUY_LOW,0.507,0.294,0.357,-42.0,True,0.7
Precious Achiuwa,2025-12-30,BUY_LOW,0.507,0.333,0.387,-34.2,True,0.69
Precious Achiuwa,2026-01-01,BUY_LOW,0.494,0.355,0.444,-28.1,True,0.35
Precious Achiuwa,2026-01-02,BUY_LOW,0.497,0.395,0.44,-20.6,True,0.56
Precious Achiuwa,2026-01-04,BUY_LOW,0.48,0.303,0.583,-36.8,True,0.59
Quentin Grimes,2025-11-30,BUY_LOW,0.442,0.371,0.472,-15.9,True,0.42
Quentin Grimes,2025-12-26,BUY_LOW,0.431,0.279,0.452,-35.2,True,0.14
Quentin Grimes,2025-12-28,BUY_LOW,0.428,0.275,0.478,-35.8,True,0.33
Quentin Grimes,2025-12-30,BUY_LOW,0.424,0.268,0.533,-36.7,True,0.7
Quentin Grimes,2026-01-01,BUY_LOW,0.425,0.306,0.537,-28.0,True,0.94
Quenton Jackson,2025-12-26,BUY_LOW,0.464,0.316,0.412,-32.0,True,0.35
Quenton Jackson,2025-12-27,BUY_LOW,0.459,0.381,0.389,-17.0,True,0.9
Quenton Jackson,2025-12-29,BUY_LOW,0.453,0.353,0.45,-22.1,True,0.03
Quinten Post,2025-11-18,BUY_LOW,0.441,0.348,0.452,-21.2,True,0.12
Quinten Post,2025-11-19,BUY_LOW,0.431,0.294,0.477,-31.7,True,0.34
Quinten Post,2025-12-25,BUY_LOW,0.421,0.339,0.433,-19.4,True,0.15
Quinten Post,2025-12-28,BUY_LOW,0.417,0.34,0.533,-18.5,True,1.5
Quinten Post,2025-12-29,BUY_LOW,0.421,0.341,0.516,-19.0,True,1.19
RJ Barrett,2025-11-15,BUY_LOW,0.503,0.42,0.515,-16.4,True,0.14
RJ Barrett,2025-11-21,BUY_LOW,0.5,0.413,0.529,-17.3,True,0.34
Rayan Rupert,2025-12-31,SELL_HIGH,0.379,0.438,0.286,15.3,True,1.61
Reed Sheppard,2025-11-14,SELL_HIGH,0.495,0.6,0.482,21.3,True,0.12
Reed Sheppard,2025-11-16,SELL_HIGH,0.485,0.6,0.493,23.6,True,0.06
Reed Sheppard,2025-11-19,SELL_HIGH,0.491,0.574,0.485,16.9,True,0.08
Reed Sheppard,2025-12-05,BUY_LOW,0.477,0.404,0.386,-15.4,False,1.24
Reed Sheppard,2025-12-18,BUY_LOW,0.462,0.385,0.424,-16.8,True,0.5
Reed Sheppard,2025-12-20,BUY_LOW,0.456,0.386,0.441,-15.4,True,0.22
Reed Sheppard,2025-12-25,BUY_LOW,0.453,0.379,0.436,-16.4,True,0.23
Rob Dillingham,2025-11-19,BUY_LOW,0.393,0.333,0.3,-15.3,False,1.55
Rob Dillingham,2025-11-21,BUY_LOW,0.373,0.273,0.312,-26.9,True,0.6
Rob Dillingham,2025-11-29,BUY_LOW,0.367,0.3,0.2,-18.3,False,2.49
Rob Dillingham,2025-11-30,BUY_LOW,0.37,0.3,0.267,-19.0,False,1.47
Rob Dillingham,2025-12-04,BUY_LOW,0.353,0.2,0.4,-43.3,True,0.31
Rob Dillingham,2025-12-06,BUY_LOW,0.352,0.25,0.333,-29.0,True,0.19
Rob Dillingham,2025-12-14,BUY_LOW,0.354,0.267,0.333,-24.7,True,0.24
Ronald Holland II,2025-11-14,BUY_LOW,0.404,0.326,0.345,-19.4,True,0.75
Ronald Holland II,2025-11-17,BUY_LOW,0.386,0.275,0.45,-28.9,True,0.57
Ronald Holland II,2025-11-18,BUY_LOW,0.392,0.294,0.429,-24.9,True,0.38
Ronald Holland II,2025-12-01,SELL_HIGH,0.407,0.5,0.425,22.8,True,0.19
Ronald Holland II,2025-12-03,SELL_HIGH,0.426,0.65,0.35,52.7,True,0.34
Ronald Holland II,2025-12-05,SELL_HIGH,0.411,0.5,0.415,21.5,True,0.04
Ronald Holland II,2025-12-06,SELL_HIGH,0.42,0.514,0.341,22.4,True,0.84
Royce O'Neale,2025-11-24,BUY_LOW,0.441,0.359,0.388,-18.6,True,0.65
Royce O'Neale,2025-11-26,BUY_LOW,0.438,0.356,0.349,-18.9,False,1.08
Royce O'Neale,2025-12-08,BUY_LOW,0.42,0.349,0.417,-16.8,True,0.04
Royce O'Neale,2025-12-31,SELL_HIGH,0.434,0.515,0.37,18.6,True,0.8
Royce O'Neale,2026-01-02,SELL_HIGH,0.433,0.528,0.405,21.8,True,0.3
Rudy Gobert,2025-12-02,BUY_LOW,0.725,0.613,0.805,-15.5,True,0.71
Rudy Gobert,2025-12-29,BUY_LOW,0.714,0.545,0.758,-23.6,True,0.26
Rudy Gobert,2026-01-03,BUY_LOW,0.71,0.567,0.818,-20.2,True,0.76
Rudy Gobert,2026-01-04,BUY_LOW,0.71,0.581,0.767,-18.2,True,0.44
Rui Hachimura,2025-12-01,BUY_LOW,0.545,0.462,0.514,-15.3,True,0.38
Rui Hachimura,2025-12-05,BUY_LOW,0.538,0.457,0.524,-15.1,True,0.17
Rui Hachimura,2025-12-07,BUY_LOW,0.533,0.417,0.459,-21.9,True,0.63
Russell Westbrook,2025-11-19,BUY_LOW,0.436,0.346,0.474,-20.5,True,0.43
Russell Westbrook,2025-11-20,BUY_LOW,0.435,0.365,0.455,-16.1,True,0.28
Russell Westbrook,2025-12-20,SELL_HIGH,0.442,0.516,0.375,16.7,True,0.91
Ryan Dunn,2025-12-10,BUY_LOW,0.457,0.37,0.4,-19.0,True,0.66
Ryan Dunn,2025-12-14,BUY_LOW,0.459,0.348,0.414,-24.2,True,0.4
Ryan Dunn,2025-12-18,BUY_LOW,0.453,0.346,0.4,-23.6,True,0.5
Ryan Dunn,2025-12-20,BUY_LOW,0.458,0.333,0.379,-27.2,True,0.63
Ryan Dunn,2025-12-23,BUY_LOW,0.453,0.333,0.387,-26.4,True,0.55
Ryan Kalkbrenner,2025-11-12,BUY_LOW,0.808,0.682,0.792,-15.6,True,0.13
Ryan Nembhard,2025-12-15,SELL_HIGH,0.536,0.628,0.396,17.2,True,1.52
Ryan Nembhard,2025-12-23,BUY_LOW,0.488,0.341,0.429,-30.0,True,0.4
Ryan Nembhard,2025-12-25,BUY_LOW,0.485,0.396,0.444,-18.4,True,0.45
Ryan Nembhard,2025-12-27,BUY_LOW,0.482,0.366,0.455,-24.1,True,0.23
Ryan Nembhard,2025-12-29,BUY_LOW,0.483,0.364,0.409,-24.7,True,0.62
Ryan Nembhard,2026-01-01,BUY_LOW,0.47,0.317,0.483,-32.5,True,0.08
Ryan Rollins,2025-11-26,BUY_LOW,0.492,0.415,0.458,-15.7,True,0.44
Ryan Rollins,2025-12-01,BUY_LOW,0.483,0.405,0.431,-16.2,True,0.67
Ryan Rollins,2025-12-03,BUY_LOW,0.481,0.4,0.438,-16.8,True,0.54
Saddiq Bey,2025-11-22,BUY_LOW,0.407,0.333,0.507,-18.1,True,1.36
Saddiq Bey,2025-11-24,BUY_LOW,0.414,0.319,0.521,-22.9,True,1.13
Saddiq Bey,2025-12-02,SELL_HIGH,0.44,0.507,0.485,15.3,True,0.68
Saddiq Bey,2025-12-04,SELL_HIGH,0.447,0.521,0.441,16.5,True,0.08
Saddiq Bey,2025-12-11,SELL_HIGH,0.456,0.552,0.44,21.2,True,0.16
Sam Hauser,2025-11-09,BUY_LOW,0.346,0.188,0.24,-45.8,True,0.67
Sam Hauser,2025-11-11,BUY_LOW,0.338,0.179,0.231,-47.1,True,0.67
Sam Hauser,2025-11-12,BUY_LOW,0.329,0.138,0.345,-58.1,True,0.08
Sam Hauser,2025-11-16,BUY_LOW,0.323,0.172,0.4,-46.6,True,0.52
Sam Hauser,2025-11-18,BUY_LOW,0.312,0.167,0.441,-46.7,True,0.88
Sam Hauser,2025-11-21,BUY_LOW,0.32,0.24,0.455,-25.1,True,1.67
Sam Hauser,2025-11-23,BUY_LOW,0.311,0.231,0.5,-25.9,True,2.34
Sam Hauser,2025-11-29,SELL_HIGH,0.339,0.4,0.444,18.0,False,1.73
Sam Hauser,2025-11-30,SELL_HIGH,0.346,0.441,0.452,27.5,False,1.11
Sam Hauser,2025-12-02,SELL_HIGH,0.353,0.455,0.314,28.8,True,0.38
Sam Hauser,2025-12-04,SELL_HIGH,0.357,0.5,0.281,40.0,True,0.53
Sam Hauser,2025-12-05,SELL_HIGH,0.356,0.438,0.375,22.8,True,0.23
Sam Hauser,2025-12-07,SELL_HIGH,0.364,0.444,0.333,22.2,True,0.38
Sam Hauser,2025-12-11,SELL_HIGH,0.366,0.452,0.29,23.2,True,0.89
Sam Hauser,2025-12-19,BUY_LOW,0.343,0.281,0.515,-18.0,True,2.79
Sam Hauser,2025-12-26,BUY_LOW,0.354,0.29,0.486,-18.0,True,2.07
Sam Hauser,2025-12-28,SELL_HIGH,0.375,0.552,0.378,47.1,True,0.02
Sam Hauser,2025-12-30,SELL_HIGH,0.371,0.515,0.395,39.0,True,0.17
Sam Hauser,2026-01-03,SELL_HIGH,0.377,0.472,0.425,25.2,True,0.5
Sam Merrill,2025-11-15,BUY_LOW,0.433,0.333,0.51,-23.0,True,0.77
Sam Merrill,2025-11-17,BUY_LOW,0.443,0.315,0.521,-29.0,True,0.6
Sam Merrill,2025-12-22,BUY_LOW,0.466,0.375,0.432,-19.4,True,0.37
Sandro Mamukelashvili,2025-12-05,BUY_LOW,0.522,0.409,0.513,-21.7,True,0.08
Sandro Mamukelashvili,2025-12-07,BUY_LOW,0.516,0.4,0.583,-22.4,True,0.59
Sandro Mamukelashvili,2025-12-09,BUY_LOW,0.52,0.425,0.548,-18.3,True,0.28
Sandro Mamukelashvili,2025-12-15,BUY_LOW,0.514,0.429,0.574,-16.7,True,0.7
Sandro Mamukelashvili,2025-12-18,BUY_LOW,0.511,0.4,0.596,-21.7,True,0.77
Santi Aldama,2025-11-22,SELL_HIGH,0.475,0.552,0.463,16.3,True,0.15
Santi Aldama,2025-12-22,SELL_HIGH,0.482,0.565,0.464,17.1,True,0.22
Shaedon Sharpe,2025-11-12,SELL_HIGH,0.413,0.506,0.49,22.6,True,0.83
Shaedon Sharpe,2025-11-14,SELL_HIGH,0.442,0.552,0.437,24.8,True,0.05
Shaedon Sharpe,2025-11-16,SELL_HIGH,0.442,0.547,0.449,23.7,True,0.07
Shaedon Sharpe,2025-11-18,SELL_HIGH,0.433,0.515,0.467,18.9,True,0.41
Shaedon Sharpe,2025-11-26,SELL_HIGH,0.439,0.519,0.434,18.1,True,0.06
Shaedon Sharpe,2025-12-22,SELL_HIGH,0.46,0.548,0.446,19.1,True,0.16
Shaedon Sharpe,2025-12-23,SELL_HIGH,0.463,0.553,0.402,19.5,True,0.67
Sidy Cissoko,2025-12-03,BUY_LOW,0.375,0.28,0.528,-25.3,True,1.61
Sidy Cissoko,2025-12-05,BUY_LOW,0.4,0.333,0.444,-16.7,True,0.67
Sidy Cissoko,2025-12-14,SELL_HIGH,0.436,0.514,0.259,17.9,True,2.26
Sidy Cissoko,2025-12-18,SELL_HIGH,0.43,0.528,0.217,22.7,True,2.17
Sidy Cissoko,2025-12-26,BUY_LOW,0.397,0.259,0.312,-34.6,True,0.61
Sidy Cissoko,2025-12-28,BUY_LOW,0.39,0.217,0.333,-44.3,True,0.33
Sidy Cissoko,2025-12-29,BUY_LOW,0.375,0.182,0.436,-51.5,True,0.32
Sidy Cissoko,2025-12-31,BUY_LOW,0.36,0.2,0.471,-44.5,True,0.69
Sidy Cissoko,2026-01-03,BUY_LOW,0.379,0.312,0.481,-17.6,True,1.54
Simone Fontecchio,2025-11-10,BUY_LOW,0.507,0.394,0.409,-22.3,True,0.87
Simone Fontecchio,2025-11-23,BUY_LOW,0.45,0.362,0.257,-19.6,False,2.19
Simone Fontecchio,2025-11-24,BUY_LOW,0.438,0.312,0.281,-28.6,False,1.25
Simone Fontecchio,2025-11-26,BUY_LOW,0.422,0.275,0.417,-34.9,True,0.03
Simone Fontecchio,2025-12-01,BUY_LOW,0.423,0.238,0.359,-43.7,True,0.35
Simone Fontecchio,2025-12-03,BUY_LOW,0.417,0.256,0.351,-38.5,True,0.41
Simone Fontecchio,2025-12-05,BUY_LOW,0.409,0.257,0.361,-37.1,True,0.31
Simone Fontecchio,2025-12-06,BUY_LOW,0.408,0.281,0.341,-31.1,True,0.53
Simone Fontecchio,2025-12-23,BUY_LOW,0.388,0.222,0.368,-42.7,True,0.12
Simone Fontecchio,2025-12-27,BUY_LOW,0.386,0.257,0.4,-33.3,True,0.11
Simone Fontecchio,2025-12-29,BUY_LOW,0.385,0.273,0.385,-29.2,True,0.0
Simone Fontecchio,2026-01-01,BUY_LOW,0.383,0.259,0.467,-32.4,True,0.67
Simone Fontecchio,2026-01-03,BUY_LOW,0.387,0.294,0.429,-24.0,True,0.45
Sion James,2025-11-15,BUY_LOW,0.523,0.375,0.208,-28.3,False,2.13
Sion James,2025-11-17,BUY_LOW,0.486,0.343,0.19,-29.5,False,2.06
Sion James,2025-11-19,BUY_LOW,0.461,0.258,0.3,-44.0,True,0.79
Sion James,2025-11-22,BUY_LOW,0.438,0.2,0.333,-54.3,True,0.44
Sion James,2025-11-23,BUY_LOW,0.439,0.222,0.32,-49.4,True,0.55
Sion James,2025-11-26,BUY_LOW,0.438,0.208,0.333,-52.5,True,0.46
Sion James,2025-11-28,BUY_LOW,0.419,0.19,0.4,-54.6,True,0.08
Sion James,2025-11-29,BUY_LOW,0.427,0.3,0.348,-29.8,True,0.62
Sion James,2025-12-01,BUY_LOW,0.416,0.333,0.444,-19.8,True,0.35
Sion James,2025-12-03,BUY_LOW,0.411,0.32,0.433,-22.2,True,0.24
Sion James,2025-12-05,BUY_LOW,0.416,0.333,0.4,-19.9,True,0.19
Sion James,2025-12-12,BUY_LOW,0.412,0.348,0.4,-15.5,True,0.18
Sion James,2025-12-29,BUY_LOW,0.404,0.333,0.421,-17.4,True,0.25
Sion James,2025-12-31,BUY_LOW,0.396,0.286,0.5,-27.9,True,0.94
Spencer Jones,2025-12-11,SELL_HIGH,0.571,0.667,0.467,16.7,True,1.1
Spencer Jones,2025-12-15,SELL_HIGH,0.579,0.708,0.471,22.3,True,0.84
Stephen Curry,2025-12-29,BUY_LOW,0.463,0.388,0.495,-16.0,True,0.43
Stephon Castle,2026-01-03,BUY_LOW,0.484,0.406,0.339,-16.2,False,1.85
Steven Adams,2025-11-21,BUY_LOW,0.491,0.4,0.65,-18.5,True,1.75
Steven Adams,2025-11-24,BUY_LOW,0.509,0.36,0.591,-29.2,True,0.55
Steven Adams,2025-11-30,BUY_LOW,0.508,0.375,0.632,-26.2,True,0.93
Steven Adams,2025-12-03,BUY_LOW,0.508,0.375,0.48,-26.1,True,0.21
Steven Adams,2025-12-11,SELL_HIGH,0.533,0.65,0.273,21.9,True,2.23
Steven Adams,2025-12-18,SELL_HIGH,0.538,0.632,0.308,17.5,True,2.44
Steven Adams,2025-12-23,BUY_LOW,0.479,0.304,0.565,-36.4,True,0.5
Steven Adams,2025-12-25,BUY_LOW,0.474,0.273,0.577,-42.5,True,0.51
Steven Adams,2025-12-27,BUY_LOW,0.48,0.286,0.6,-40.5,True,0.62
Steven Adams,2025-12-29,BUY_LOW,0.481,0.308,0.632,-36.0,True,0.87
Svi Mykhailiuk,2025-11-23,SELL_HIGH,0.478,0.571,0.5,19.6,True,0.24
T.J. McConnell,2025-12-26,SELL_HIGH,0.556,0.7,0.513,25.8,True,0.3
T.J. McConnell,2025-12-29,SELL_HIGH,0.566,0.743,0.439,31.2,True,0.72
T.J. McConnell,2025-12-31,SELL_HIGH,0.555,0.684,0.51,23.3,True,0.35
T.J. McConnell,2026-01-02,SELL_HIGH,0.548,0.639,0.526,16.6,True,0.24
Taylor Hendricks,2025-12-18,SELL_HIGH,0.435,0.545,0.706,25.3,False,2.46
Taylor Hendricks,2025-12-20,SELL_HIGH,0.444,0.65,0.6,46.3,True,0.76
Taylor Hendricks,2025-12-22,SELL_HIGH,0.462,0.667,0.5,44.4,True,0.19
Taylor Hendricks,2025-12-23,SELL_HIGH,0.464,0.682,0.55,47.0,True,0.4
Taylor Hendricks,2025-12-26,SELL_HIGH,0.494,0.727,0.4,47.3,True,0.4
Taylor Hendricks,2025-12-27,SELL_HIGH,0.494,0.706,0.5,43.0,True,0.03
Taylor Hendricks,2025-12-30,SELL_HIGH,0.482,0.6,0.533,24.5,True,0.44
Terance Mann,2025-11-14,BUY_LOW,0.488,0.343,0.344,-29.8,True,0.99
Terance Mann,2025-11-16,BUY_LOW,0.489,0.4,0.296,-18.3,False,2.16
Terance Mann,2025-11-18,BUY_LOW,0.471,0.355,0.393,-24.6,True,0.67
Terance Mann,2025-11-21,BUY_LOW,0.462,0.344,0.375,-25.6,True,0.74
Terance Mann,2025-11-23,BUY_LOW,0.455,0.361,0.357,-20.7,False,1.04
Terance Mann,2025-11-24,BUY_LOW,0.448,0.344,0.419,-23.3,True,0.28
Terance Mann,2025-11-28,BUY_LOW,0.446,0.296,0.441,-33.6,True,0.03
Terance Mann,2025-12-04,BUY_LOW,0.442,0.375,0.519,-15.2,True,1.14
Terance Mann,2025-12-06,BUY_LOW,0.436,0.357,0.571,-18.0,True,1.73
Terance Mann,2025-12-23,SELL_HIGH,0.458,0.571,0.36,24.7,True,0.87
Terance Mann,2026-01-02,BUY_LOW,0.441,0.333,0.471,-24.5,True,0.27
Terrence Shannon Jr.,2025-12-12,BUY_LOW,0.407,0.273,0.435,-33.1,True,0.2
Thomas Bryant,2025-12-17,SELL_HIGH,0.456,0.526,0.654,15.4,False,2.82
Thomas Bryant,2025-12-23,SELL_HIGH,0.486,0.636,0.6,30.8,True,0.76
Thomas Bryant,2025-12-25,SELL_HIGH,0.512,0.655,0.538,27.9,True,0.18
Tidjane Salaün,2025-12-18,SELL_HIGH,0.519,0.63,0.5,21.3,True,0.17
Tidjane Salaün,2025-12-20,SELL_HIGH,0.534,0.64,0.441,19.7,True,0.88
Tim Hardaway Jr.,2025-11-28,BUY_LOW,0.448,0.378,0.491,-15.6,True,0.62
Tobias Harris,2025-12-01,SELL_HIGH,0.496,0.635,0.345,28.0,True,1.09
Tobias Harris,2025-12-18,BUY_LOW,0.448,0.345,0.464,-22.9,True,0.16
Tobias Harris,2025-12-20,BUY_LOW,0.435,0.367,0.5,-15.6,True,0.95
Tobias Harris,2025-12-22,BUY_LOW,0.443,0.372,0.5,-16.1,True,0.8
Tony Bradley,2025-11-19,BUY_LOW,0.589,0.5,0.545,-15.2,True,0.49
Tony Bradley,2025-11-24,BUY_LOW,0.576,0.474,0.636,-17.8,True,0.59
Tony Bradley,2025-11-28,BUY_LOW,0.576,0.333,0.615,-42.2,True,0.16
Tony Bradley,2025-12-01,BUY_LOW,0.59,0.364,0.462,-38.4,True,0.57
Tony Bradley,2025-12-23,BUY_LOW,0.568,0.462,0.5,-18.7,True,0.64
Trayce Jackson-Davis,2025-12-18,SELL_HIGH,0.566,0.667,0.778,17.8,False,2.1
Trayce Jackson-Davis,2025-12-20,SELL_HIGH,0.566,0.714,0.778,26.2,False,1.43
Trayce Jackson-Davis,2025-12-25,SELL_HIGH,0.576,0.75,0.652,30.1,True,0.44
Trayce Jackson-Davis,2025-12-29,SELL_HIGH,0.6,0.786,0.556,31.0,True,0.24
Trayce Jackson-Davis,2025-12-31,SELL_HIGH,0.62,0.778,0.357,25.5,True,1.66
Trayce Jackson-Davis,2026-01-02,SELL_HIGH,0.62,0.778,0.471,25.5,True,0.94
Tre Johnson,2025-12-31,SELL_HIGH,0.457,0.547,0.451,19.8,True,0.07
Tre Johnson,2026-01-04,SELL_HIGH,0.46,0.549,0.453,19.3,True,0.08
Tre Jones,2025-12-12,SELL_HIGH,0.529,0.649,0.486,22.7,True,0.36
Tre Jones,2025-12-14,SELL_HIGH,0.517,0.61,0.531,18.0,True,0.16
Tre Mann,2025-12-26,BUY_LOW,0.354,0.29,0.579,-17.9,True,3.57
Trendon Watford,2025-11-20,BUY_LOW,0.543,0.441,0.5,-18.7,True,0.42
Trendon Watford,2025-11-23,BUY_LOW,0.514,0.4,0.643,-22.1,True,1.14
Trey Murphy III,2025-11-17,SELL_HIGH,0.456,0.545,0.478,19.5,True,0.25
Trey Murphy III,2025-11-22,SELL_HIGH,0.47,0.549,0.439,16.9,True,0.39
Trey Murphy III,2025-12-14,SELL_HIGH,0.486,0.567,0.542,16.5,True,0.7
Trey Murphy III,2025-12-18,SELL_HIGH,0.489,0.578,0.525,18.2,True,0.4
Trey Murphy III,2025-12-20,SELL_HIGH,0.496,0.633,0.483,27.6,True,0.09
Trey Murphy III,2025-12-22,SELL_HIGH,0.499,0.643,0.471,28.9,True,0.2
Trey Murphy III,2025-12-23,SELL_HIGH,0.494,0.59,0.479,19.5,True,0.16
Tristan Vukcevic,2025-12-04,SELL_HIGH,0.465,0.543,0.472,16.8,True,0.1
Tristan Vukcevic,2025-12-06,SELL_HIGH,0.474,0.586,0.44,23.8,True,0.3
Tristan Vukcevic,2025-12-14,SELL_HIGH,0.474,0.548,0.414,15.5,True,0.82
Tristan da Silva,2025-12-09,BUY_LOW,0.45,0.3,0.41,-33.3,True,0.26
Tristan da Silva,2025-12-13,BUY_LOW,0.45,0.294,0.343,-34.6,True,0.69
Tristan da Silva,2025-12-26,BUY_LOW,0.439,0.286,0.417,-35.0,True,0.15
Tristan da Silva,2025-12-27,BUY_LOW,0.437,0.242,0.444,-44.5,True,0.04
Tristan da Silva,2025-12-29,BUY_LOW,0.446,0.35,0.412,-21.6,True,0.36
Tristan da Silva,2026-01-02,BUY_LOW,0.434,0.343,0.55,-21.1,True,1.26
Tyler Kolek,2025-12-19,SELL_HIGH,0.494,0.636,0.413,28.9,True,0.56
Tyler Kolek,2025-12-21,SELL_HIGH,0.488,0.632,0.417,29.6,True,0.49
Tyler Kolek,2025-12-23,SELL_HIGH,0.488,0.609,0.4,24.6,True,0.73
Tyrese Martin,2025-11-23,SELL_HIGH,0.394,0.531,0.42,34.7,True,0.19
Tyrese Martin,2025-11-24,SELL_HIGH,0.407,0.533,0.372,31.2,True,0.27
Tyrese Martin,2025-11-28,SELL_HIGH,0.389,0.5,0.366,28.4,True,0.21
Tyrese Martin,2025-11-29,SELL_HIGH,0.406,0.478,0.333,17.9,True,0.99
Tyrese Maxey,2026-01-05,SELL_HIGH,0.475,0.55,0.51,15.8,True,0.46
Tyrese Proctor,2025-11-13,SELL_HIGH,0.346,0.414,0.316,19.5,True,0.45
Tyrese Proctor,2025-11-15,SELL_HIGH,0.35,0.412,0.25,17.6,True,1.62
Tyrese Proctor,2025-11-23,BUY_LOW,0.328,0.259,0.379,-21.0,True,0.74
Tyrese Proctor,2025-11-30,BUY_LOW,0.325,0.25,0.4,-23.1,True,1.0
Tyrese Proctor,2025-12-22,SELL_HIGH,0.345,0.4,0.333,15.8,True,0.22
Tyus Jones,2025-12-07,SELL_HIGH,0.339,0.5,0.353,47.6,True,0.09
Tyus Jones,2025-12-09,SELL_HIGH,0.343,0.412,0.333,19.9,True,0.15
Tyus Jones,2025-12-13,SELL_HIGH,0.338,0.438,0.462,29.3,False,1.24
Tyus Jones,2025-12-18,SELL_HIGH,0.343,0.5,0.483,45.8,True,0.89
Tyus Jones,2025-12-20,SELL_HIGH,0.347,0.467,0.448,34.4,True,0.85
Tyus Jones,2025-12-26,SELL_HIGH,0.372,0.462,0.391,24.0,True,0.21
Tyus Jones,2025-12-27,SELL_HIGH,0.384,0.483,0.35,25.8,True,0.34
Tyus Jones,2025-12-29,SELL_HIGH,0.376,0.448,0.32,19.1,True,0.78
Tyus Jones,2025-12-31,SELL_HIGH,0.385,0.5,0.25,29.8,True,1.18
Tyus Jones,2026-01-02,SELL_HIGH,0.379,0.484,0.188,27.6,True,1.83
VJ Edgecombe,2025-11-11,BUY_LOW,0.427,0.339,0.37,-20.6,True,0.65
VJ Edgecombe,2025-11-14,BUY_LOW,0.409,0.279,0.412,-31.9,True,0.02
VJ Edgecombe,2025-11-17,BUY_LOW,0.408,0.297,0.413,-27.3,True,0.04
VJ Edgecombe,2025-11-19,BUY_LOW,0.412,0.349,0.414,-15.3,True,0.03
Vince Williams Jr.,2025-12-02,BUY_LOW,0.349,0.292,0.324,-16.5,True,0.45
Vince Williams Jr.,2025-12-15,BUY_LOW,0.34,0.229,0.395,-32.7,True,0.49
Vít Krejčí,2025-12-03,BUY_LOW,0.504,0.379,0.525,-24.7,True,0.17
Vít Krejčí,2025-12-05,BUY_LOW,0.492,0.371,0.556,-24.6,True,0.52
Vít Krejčí,2025-12-06,BUY_LOW,0.5,0.389,0.485,-22.2,True,0.14
Vít Krejčí,2025-12-12,BUY_LOW,0.503,0.424,0.5,-15.7,True,0.04
Walter Clayton Jr.,2025-11-28,BUY_LOW,0.377,0.25,0.452,-33.7,True,0.59
Walter Clayton Jr.,2025-11-30,BUY_LOW,0.371,0.211,0.524,-43.2,True,0.95
Walter Clayton Jr.,2025-12-01,BUY_LOW,0.382,0.294,0.5,-23.1,True,1.33
Walter Clayton Jr.,2025-12-04,BUY_LOW,0.382,0.318,0.515,-16.6,True,2.11
Walter Clayton Jr.,2025-12-12,SELL_HIGH,0.433,0.524,0.316,21.1,True,1.28
Walter Clayton Jr.,2025-12-15,SELL_HIGH,0.425,0.5,0.304,17.8,True,1.59
Walter Clayton Jr.,2025-12-18,SELL_HIGH,0.422,0.515,0.286,22.1,True,1.46
Walter Clayton Jr.,2025-12-20,SELL_HIGH,0.43,0.516,0.409,20.1,True,0.24
Walter Clayton Jr.,2025-12-22,SELL_HIGH,0.422,0.5,0.444,18.4,True,0.28
Walter Clayton Jr.,2025-12-23,BUY_LOW,0.415,0.316,0.462,-23.8,True,0.47
Walter Clayton Jr.,2025-12-26,BUY_LOW,0.403,0.304,0.5,-24.5,True,0.98
Walter Clayton Jr.,2025-12-27,BUY_LOW,0.4,0.286,0.484,-28.6,True,0.73
Wendell Carter Jr.,2025-11-20,SELL_HIGH,0.538,0.625,0.543,16.1,True,0.05
Wendell Carter Jr.,2025-12-09,BUY_LOW,0.511,0.405,0.652,-20.7,True,1.33
Wendell Carter Jr.,2025-12-22,SELL_HIGH,0.547,0.63,0.455,15.2,True,1.11
Wendell Carter Jr.,2025-12-23,SELL_HIGH,0.541,0.652,0.451,20.6,True,0.81
Will Richard,2025-11-26,BUY_LOW,0.544,0.435,0.481,-20.1,True,0.57
Will Richard,2025-12-02,BUY_LOW,0.538,0.429,0.609,-20.3,True,0.65
Will Richard,2025-12-20,BUY_LOW,0.533,0.45,0.517,-15.5,True,0.19
Will Richard,2026-01-02,BUY_LOW,0.532,0.44,0.375,-17.4,False,1.7
Will Richard,2026-01-03,BUY_LOW,0.515,0.421,0.364,-18.2,False,1.61
Will Riley,2025-12-28,BUY_LOW,0.453,0.375,0.355,-17.3,False,1.26
Will Riley,2025-12-29,BUY_LOW,0.429,0.333,0.419,-22.2,True,0.1
Will Riley,2025-12-31,BUY_LOW,0.426,0.344,0.44,-19.3,True,0.17
Yves Missi,2025-12-18,BUY_LOW,0.557,0.471,0.769,-15.5,True,2.46
Yves Missi,2025-12-26,SELL_HIGH,0.574,0.692,0.562,20.5,True,0.1
Yves Missi,2025-12-27,SELL_HIGH,0.582,0.769,0.529,32.3,True,0.28
Yves Missi,2025-12-29,SELL_HIGH,0.584,0.769,0.556,31.7,True,0.15
Yves Missi,2025-12-31,SELL_HIGH,0.583,0.733,0.588,25.9,True,0.04
Yves Missi,2026-01-02,SELL_HIGH,0.575,0.667,0.526,15.8,True,0.54
Zaccharie Risacher,2025-11-28,BUY_LOW,0.446,0.373,0.476,-16.4,True,0.42
Ziaire Williams,2025-11-16,BUY_LOW,0.392,0.317,0.361,-19.2,True,0.42
Ziaire Williams,2025-12-18,SELL_HIGH,0.401,0.474,0.36,18.1,True,0.57
Ziaire Williams,2025-12-21,SELL_HIGH,0.402,0.485,0.448,20.5,True,0.56
Zion Williamson,2025-12-29,SELL_HIGH,0.539,0.641,0.607,18.9,True,0.67
Zion Williamson,2025-12-31,SELL_HIGH,0.548,0.652,0.602,18.8,True,0.52
