player_name,game_date,opponent,proj_pts,proj_ast,proj_reb,actual_pts,actual_ast,actual_reb
AJ Green,2026-01-15,SA,10.3,2.0,2.6,6,1,0
Aaron Wiggins,2026-01-15,HOU,10.0,1.7,3.1,5,0,5
Ace Bailey,2026-01-15,DAL,9.4,1.5,3.2,15,3,5
Ajay Mitchell,2026-01-15,HOU,14.3,3.8,3.5,17,3,5
Al Horford,2026-01-15,NY,6.7,1.9,4.8,5,5,5
Alex Caruso,2026-01-15,HOU,6.5,2.1,2.8,5,2,4
Alperen Sengun,2026-01-15,OKC,22.4,6.2,9.0,14,5,13
Amen Thompson,2026-01-15,OKC,19.0,5.4,7.6,13,3,9
Andrew Wiggins,2026-01-15,BOS,15.7,2.7,4.8,16,4,8
Anfernee Simons,2026-01-15,MIA,13.5,2.4,2.3,39,4,4
Anthony Black,2026-01-15,MEM,15.4,4.0,4.1,21,7,6
Ausar Thompson,2026-01-15,PHO,11.5,2.7,6.4,5,2,6
Bam Adebayo,2026-01-15,BOS,16.3,2.6,9.7,22,5,4
Bobby Portis,2026-01-15,SA,13.1,1.2,7.0,13,3,6
Brandin Podziemski,2026-01-15,NY,11.5,3.2,4.4,19,2,5
Brandon Miller,2026-01-15,LAL,18.9,3.4,4.3,26,5,2
Brandon Williams,2026-01-15,UTA,11.2,3.8,2.8,18,3,2
Brice Sensabaugh,2026-01-15,DAL,9.9,1.5,2.8,27,1,5
CJ McCollum,2026-01-15,POR,18.4,3.8,3.4,20,4,3
Cade Cunningham,2026-01-15,PHO,26.8,10.4,6.8,10,11,4
Caleb Love,2026-01-15,ATL,9.8,2.4,2.7,12,4,3
Caleb Martin,2026-01-15,UTA,1.5,1.1,1.6,14,6,5
Cam Spencer,2026-01-15,ORL,12.0,5.4,2.6,7,11,7
Caris LeVert,2026-01-15,PHO,8.3,2.9,1.7,2,3,3
Carter Bryant,2026-01-15,MIL,1.9,0.2,1.5,2,0,5
Cason Wallace,2026-01-15,HOU,7.3,2.1,3.1,8,2,3
Cedric Coward,2026-01-15,ORL,13.9,2.9,7.3,17,2,3
Chet Holmgren,2026-01-15,HOU,17.4,1.6,8.4,18,1,9
Cody Williams,2026-01-15,DAL,4.2,0.7,1.5,13,0,6
Collin Gillespie,2026-01-15,DET,12.6,4.8,4.2,18,6,2
De'Aaron Fox,2026-01-15,MIL,20.4,6.5,4.2,18,4,4
De'Anthony Melton,2026-01-15,NY,9.3,1.7,2.5,5,2,2
Deandre Ayton,2026-01-15,CHA,13.7,0.8,8.8,12,1,6
Derrick White,2026-01-15,MIA,18.4,5.2,4.4,8,5,6
Desmond Bane,2026-01-15,MEM,19.0,4.5,4.5,13,5,4
Dillon Brooks,2026-01-15,DET,21.7,1.6,3.3,16,1,1
Donovan Clingan,2026-01-15,ATL,10.8,1.8,10.7,9,1,12
Draymond Green,2026-01-15,NY,8.9,5.3,5.8,6,3,5
Duncan Robinson,2026-01-15,PHO,11.8,1.9,2.8,19,0,1
Dwight Powell,2026-01-15,UTA,2.5,1.0,3.0,6,0,7
Dylan Harper,2026-01-15,MIL,10.1,3.7,3.2,13,5,4
Dyson Daniels,2026-01-15,POR,11.8,6.5,7.2,10,1,5
Franz Wagner,2026-01-15,MEM,23.1,3.5,6.6,18,2,9
Gabe Vincent,2026-01-15,CHA,5.5,1.4,0.9,0,0,1
Gary Harris,2026-01-15,SA,2.8,1.0,1.5,3,0,2
Gary Payton II,2026-01-15,NY,4.5,1.5,3.2,0,3,6
Giannis Antetokounmpo,2026-01-15,SA,29.2,5.7,9.6,21,1,5
Grayson Allen,2026-01-15,DET,15.2,3.7,2.8,33,0,5
Gregory Jackson,2026-01-15,ORL,10.1,0.8,3.6,15,2,1
Harrison Barnes,2026-01-15,MIL,10.9,2.1,3.1,6,3,0
Isaiah Collier,2026-01-15,DAL,8.4,6.7,2.3,10,11,5
Isaiah Stewart,2026-01-15,PHO,10.6,1.1,6.2,4,0,4
JD Davison,2026-01-15,OKC,1.8,1.0,0.8,5,1,1
Jabari Smith,2026-01-15,OKC,12.4,1.4,7.4,17,1,10
Jaden Hardy,2026-01-15,UTA,5.6,0.6,1.3,19,5,1
Jaden Ivey,2026-01-15,PHO,8.4,1.7,2.2,15,1,2
Jake LaRavia,2026-01-15,CHA,9.7,2.0,4.3,18,3,3
Jalen Duren,2026-01-15,PHO,17.8,1.6,10.7,16,2,18
Jalen Johnson,2026-01-15,POR,23.8,8.6,10.1,12,6,11
Jalen Williams,2026-01-15,HOU,17.9,5.6,4.8,6,10,5
Jaren Jackson Jr.,2026-01-15,ORL,18.2,1.8,6.1,30,1,3
Jarred Vanderbilt,2026-01-15,CHA,4.9,1.3,5.3,6,0,5
Javonte Green,2026-01-15,PHO,7.0,0.8,2.9,5,0,0
Jaylen Brown,2026-01-15,MIA,29.7,5.0,6.4,27,0,7
Jaylen Wells,2026-01-15,ORL,12.4,1.8,3.5,2,0,2
Jaylin Williams,2026-01-15,HOU,5.3,2.5,4.9,6,0,2
Jerami Grant,2026-01-15,ATL,20.1,2.7,4.0,16,3,2
Jeremiah Robinson-Earl,2026-01-15,UTA,4.8,0.7,5.3,12,0,7
Jimmy Butler,2026-01-15,NY,21.0,4.9,5.5,32,4,8
Jock Landale,2026-01-15,ORL,11.1,1.7,6.9,6,1,5
John Konchar,2026-01-15,ORL,3.0,1.2,2.6,6,3,8
Jordan Clarkson,2026-01-15,GS,9.7,1.3,1.8,11,1,2
Jordan Goodwin,2026-01-15,DET,8.6,2.2,4.6,7,3,12
Jordan Walsh,2026-01-15,MIA,5.6,0.9,4.7,4,1,8
Josh Hart,2026-01-15,GS,11.8,5.1,7.9,5,10,5
Josh Okogie,2026-01-15,OKC,5.1,0.9,2.8,5,1,5
Jrue Holiday,2026-01-15,ATL,15.5,7.6,5.2,12,4,4
Julian Champagnie,2026-01-15,MIL,11.0,1.5,6.8,13,1,11
Karl-Anthony Towns,2026-01-15,GS,20.6,2.9,12.6,17,2,20
Kasparas Jakucionis,2026-01-15,BOS,1.9,1.2,1.3,12,8,5
Keldon Johnson,2026-01-15,MIL,13.6,1.2,6.9,7,2,8
Kevin Durant,2026-01-15,OKC,26.9,4.3,5.5,19,3,7
Kevin Porter,2026-01-15,SA,16.3,8.4,5.0,0,2,1
Kevin Porter Jr.,2026-01-15,SA,18.2,8.1,5.2,0,2,1
Keyonte George,2026-01-15,DAL,23.2,6.5,4.2,17,3,3
Klay Thompson,2026-01-15,UTA,11.2,1.3,2.5,26,6,1
Kobe Bufkin,2026-01-15,CHA,3.0,1.0,1.0,0,0,3
Kon Knueppel,2026-01-15,LAL,18.9,3.7,5.1,19,4,7
Kyle Anderson,2026-01-15,DAL,7.2,2.7,3.6,12,6,6
Kyle Filipowski,2026-01-15,DAL,9.0,1.9,6.7,8,0,4
Kyle Kuzma,2026-01-15,SA,12.4,2.1,4.7,18,2,3
LaMelo Ball,2026-01-15,LAL,20.1,7.6,5.1,30,11,6
Landry Shamet,2026-01-15,GS,9.7,1.1,2.0,6,0,0
LeBron James,2026-01-15,CHA,22.2,6.6,6.2,29,6,9
Lindy Waters III,2026-01-15,MIL,2.0,0.4,0.9,3,0,1
Luguentz Dort,2026-01-15,HOU,8.4,1.0,3.6,13,1,3
Luka Doncic,2026-01-15,CHA,32.8,9.2,6.9,39,4,3
Luka Garza,2026-01-15,MIA,7.2,0.9,4.4,11,1,4
Luke Kennard,2026-01-15,POR,7.5,2.3,1.9,5,0,0
Luke Kornet,2026-01-15,MIL,8.1,2.0,7.6,10,1,4
Marcus Smart,2026-01-15,CHA,9.0,3.0,3.1,10,3,4
Mark Williams,2026-01-15,DET,11.9,1.0,8.4,5,2,6
Mikal Bridges,2026-01-15,GS,16.0,4.4,4.7,21,3,1
Miles Bridges,2026-01-15,LAL,19.3,3.5,7.0,25,4,8
Miles Kelly,2026-01-15,UTA,3.2,0.5,1.7,9,1,0
Miles McBride,2026-01-15,GS,12.5,2.4,2.4,25,6,3
Moses Moody,2026-01-15,NY,9.4,1.5,3.1,21,0,1
Mouhamed Gueye,2026-01-15,POR,4.2,0.9,3.6,6,2,3
Moussa Cisse,2026-01-15,UTA,2.9,0.1,3.9,10,2,13
Moussa Diabate,2026-01-15,LAL,10.0,2.4,10.5,8,2,6
Myles Turner,2026-01-15,SA,12.1,1.5,5.3,5,3,3
Naji Marshall,2026-01-15,UTA,13.0,2.8,4.7,22,4,6
Neemias Queta,2026-01-15,MIA,10.5,1.4,8.2,9,0,9
Nickeil Alexander-Walker,2026-01-15,POR,20.5,3.5,3.6,11,7,6
Nikola Jovic,2026-01-15,BOS,9.4,2.5,3.7,3,0,5
Noah Penda,2026-01-15,MEM,5.0,1.1,4.1,9,2,5
Norman Powell,2026-01-15,BOS,23.6,2.7,3.7,26,2,3
OG Anunoby,2026-01-15,GS,15.4,2.1,6.1,25,1,5
Onyeka Okongwu,2026-01-15,POR,15.8,3.2,8.6,26,2,9
Oso Ighodaro,2026-01-15,DET,5.1,1.8,4.3,10,0,3
Paolo Banchero,2026-01-15,MEM,20.5,4.7,8.7,26,4,13
Payton Pritchard,2026-01-15,MIA,16.5,5.8,4.5,2,8,3
Pelle Larsson,2026-01-15,BOS,8.9,3.1,2.7,7,2,3
Rayan Rupert,2026-01-15,ATL,2.0,0.7,1.7,13,2,3
Reed Sheppard,2026-01-15,OKC,12.9,3.3,2.7,7,3,2
Robert Williams III,2026-01-15,ATL,6.1,1.0,6.6,6,2,11
Ron Holland,2026-01-15,PHO,8.5,0.6,6.7,11,1,9
Royce O'Neale,2026-01-15,DET,10.5,2.6,5.1,11,7,7
Rui Hachimura,2026-01-15,CHA,12.0,0.8,3.7,3,1,1
Ryan Dunn,2026-01-15,DET,6.9,1.8,4.8,5,1,3
Ryan Kalkbrenner,2026-01-15,LAL,8.5,0.6,6.9,9,1,6
Ryan Nembhard,2026-01-15,UTA,7.2,5.2,1.8,8,10,4
Ryan Rollins,2026-01-15,SA,16.2,5.8,4.5,6,7,7
Sam Hauser,2026-01-15,MIA,7.2,1.2,3.6,17,3,3
Santi Aldama,2026-01-15,ORL,13.5,3.1,7.4,18,1,5
Shaedon Sharpe,2026-01-15,ATL,21.6,2.6,4.4,24,5,9
Shai Gilgeous-Alexander,2026-01-15,HOU,32.8,6.7,4.5,20,4,2
Sidy Cissoko,2026-01-15,ATL,5.7,1.5,2.1,6,1,3
Simone Fontecchio,2026-01-15,BOS,7.9,1.4,2.6,3,0,4
Sion James,2026-01-15,LAL,6.5,1.9,3.4,9,2,8
Stephen Curry,2026-01-15,NY,27.3,4.8,3.9,27,7,3
Stephon Castle,2026-01-15,MIL,17.3,7.2,5.1,19,10,1
Steven Adams,2026-01-15,OKC,6.1,1.5,8.4,6,0,11
Taylor Hendricks,2026-01-15,DAL,5.6,0.7,3.2,5,1,3
Tobias Harris,2026-01-15,PHO,13.6,2.4,4.6,16,2,7
Toumani Camara,2026-01-15,ATL,12.6,2.7,5.1,11,1,4
Tristan da Silva,2026-01-15,MEM,9.1,1.2,3.6,8,2,4
Tyler Herro,2026-01-15,BOS,21.7,2.7,4.9,22,3,2
Victor Wembanyama,2026-01-15,MIL,24.4,2.9,11.9,22,1,10
Vince Williams Jr.,2026-01-15,ORL,7.3,4.9,4.3,10,4,1
Vit Krejci,2026-01-15,POR,7.9,1.6,2.7,8,1,1
Walter Clayton Jr.,2026-01-15,DAL,6.4,3.1,1.9,15,8,2
Wendell Carter Jr.,2026-01-15,MEM,12.8,2.0,8.5,9,3,6
Will Richard,2026-01-15,NY,7.3,1.1,2.6,3,0,0
Aaron Nesmith,2026-01-16,NO,13.8,2.1,5.0,12,1,4
Adem Bona,2026-01-16,CLE,3.8,0.3,3.8,4,0,4
Alex Sarr,2026-01-16,SAC,16.7,2.7,8.2,19,3,4
Alperen Sengun,2026-01-16,MIN,22.1,6.3,9.0,25,3,14
Amen Thompson,2026-01-16,MIN,19.0,5.4,7.7,14,4,7
Andrew Nembhard,2026-01-16,NO,17.3,7.8,2.7,19,10,3
Ayo Dosunmu,2026-01-16,BKN,14.1,3.5,2.8,18,1,1
Ben Sheppard,2026-01-16,NO,6.7,1.7,3.6,4,2,3
Bones Hyland,2026-01-16,HOU,7.0,2.5,1.4,2,5,0
Brandon Ingram,2026-01-16,LAC,21.8,3.7,6.7,19,2,6
Bryce McGowens,2026-01-16,IND,7.3,1.3,2.1,4,0,1
Cam Christie,2026-01-16,TOR,2.9,0.5,1.5,16,1,5
Cam Thomas,2026-01-16,CHI,17.8,2.5,1.7,8,4,1
Carlton Carrington,2026-01-16,SAC,9.1,5.2,3.9,11,9,2
Coby White,2026-01-16,BKN,17.4,4.8,3.5,17,4,4
Collin Murray-Boyles,2026-01-16,LAC,7.7,1.7,5.2,11,3,4
Craig Porter Jr.,2026-01-16,PHI,4.5,2.8,3.7,2,11,3
Danny Wolf,2026-01-16,CHI,6.6,1.7,4.3,13,4,4
Day'Ron Sharpe,2026-01-16,CHI,7.7,2.2,7.0,14,3,6
De'Andre Hunter,2026-01-16,PHI,13.5,2.1,4.3,16,4,3
DeMar DeRozan,2026-01-16,WAS,18.7,4.0,3.4,17,4,2
Dennis Schroder,2026-01-16,WAS,13.9,5.2,2.4,15,5,1
Derik Queen,2026-01-16,IND,12.2,4.1,8.2,14,3,12
Dom Barlow,2026-01-16,CLE,7.3,0.3,4.3,2,0,2
Domantas Sabonis,2026-01-16,WAS,16.8,3.7,12.4,13,5,6
Donovan Mitchell,2026-01-16,PHI,29.3,5.6,4.8,13,12,9
Donte DiVincenzo,2026-01-16,HOU,13.2,4.2,4.5,8,4,8
Dorian Finney-Smith,2026-01-16,MIN,2.7,0.6,2.9,0,0,3
Drake Powell,2026-01-16,CHI,6.3,1.6,1.7,3,3,0
Dylan Cardwell,2026-01-16,WAS,4.3,0.9,6.8,8,1,9
Egor Demin,2026-01-16,CHI,14.2,4.0,3.5,5,2,0
Evan Mobley,2026-01-16,PHI,18.2,4.1,9.6,15,4,5
Gradey Dick,2026-01-16,LAC,5.8,0.7,2.1,15,1,7
Isaac Okoro,2026-01-16,BKN,8.1,1.4,2.8,6,5,2
Ivica Zubac,2026-01-16,TOR,14.5,2.3,10.6,16,2,14
Jabari Smith,2026-01-16,MIN,12.4,1.4,7.4,9,2,5
Jaden McDaniels,2026-01-16,HOU,14.5,2.7,4.5,15,4,7
Jalen Smith,2026-01-16,BKN,9.2,1.2,7.2,14,4,13
Jamal Shead,2026-01-16,LAC,7.1,5.5,1.8,15,13,4
James Harden,2026-01-16,TOR,25.4,8.1,4.7,31,10,2
Jamir Watkins,2026-01-16,SAC,2.6,0.4,2.4,6,0,2
Jarace Walker,2026-01-16,NO,9.2,1.9,4.4,6,3,1
Jarrett Allen,2026-01-16,PHI,13.8,2.1,8.7,10,1,7
Jay Huff,2026-01-16,NO,7.9,1.3,3.7,29,1,9
Jaylon Tyson,2026-01-16,PHI,12.5,2.0,5.3,39,4,5
Jeremiah Fears,2026-01-16,IND,13.9,3.4,3.6,16,5,6
Joel Embiid,2026-01-16,CLE,24.1,3.1,7.7,33,3,5
Johnny Furphy,2026-01-16,NO,4.9,0.7,3.9,7,2,4
Jordan Miller,2026-01-16,TOR,6.7,1.3,3.0,19,6,2
Jordan Poole,2026-01-16,IND,13.8,3.2,1.6,11,1,2
Josh Okogie,2026-01-16,MIN,5.1,0.9,2.8,1,0,2
Julius Randle,2026-01-16,HOU,22.1,5.7,7.8,39,2,4
Justin Champagnie,2026-01-16,SAC,5.8,1.0,6.1,15,2,7
Karlo Matkovic,2026-01-16,IND,6.3,0.6,3.0,3,0,2
Kelly Oubre Jr.,2026-01-16,CLE,12.6,1.1,5.0,12,1,2
Kevin Durant,2026-01-16,MIN,26.5,4.3,5.5,39,7,4
Kobe Sanders,2026-01-16,TOR,5.7,1.5,2.3,13,0,3
Kris Dunn,2026-01-16,TOR,7.8,3.1,2.8,15,4,4
Kyshawn George,2026-01-16,SAC,14.4,4.9,5.5,15,3,8
Malik Monk,2026-01-16,WAS,11.0,2.4,2.1,4,3,2
Marvin Bagley III,2026-01-16,SAC,10.4,1.4,6.2,8,0,4
Matas Buzelis,2026-01-16,BKN,14.6,1.7,5.2,15,3,6
Maxime Raynaud,2026-01-16,WAS,9.7,1.0,7.0,4,5,8
Michael Porter Jr.,2026-01-16,CHI,25.7,3.4,8.2,26,1,7
Mike Conley,2026-01-16,HOU,5.3,3.1,1.7,6,1,1
Nae'Qwan Tomlin,2026-01-16,PHI,5.8,0.8,2.8,9,0,5
Naz Reid,2026-01-16,HOU,14.3,2.3,6.8,25,4,9
Nicolas Claxton,2026-01-16,CHI,10.5,2.7,6.4,7,5,14
Nikola Vucevic,2026-01-16,BKN,21.1,5.2,10.5,19,5,6
Nique Clifford,2026-01-16,WAS,4.6,1.2,2.8,9,3,7
Noah Clowney,2026-01-16,CHI,12.8,1.9,4.0,23,1,11
Nolan Traore,2026-01-16,CHI,4.5,2.5,1.1,8,7,2
Ochai Agbaji,2026-01-16,LAC,3.9,0.7,2.4,15,1,3
Pascal Siakam,2026-01-16,NO,23.3,4.0,7.7,27,5,6
Paul George,2026-01-16,CLE,15.8,3.7,5.3,14,5,4
Precious Achiuwa,2026-01-16,WAS,7.4,1.1,6.1,16,1,6
Quentin Grimes,2026-01-16,CLE,14.0,3.7,3.9,14,4,7
Reed Sheppard,2026-01-16,MIN,12.8,3.3,2.7,14,2,0
Rudy Gobert,2026-01-16,HOU,11.0,1.7,11.5,10,1,13
Russell Westbrook,2026-01-16,WAS,14.7,7.2,7.1,26,6,2
Saddiq Bey,2026-01-16,IND,14.5,2.1,6.3,20,1,4
Sandro Mamukelashvili,2026-01-16,LAC,9.8,1.9,4.8,13,1,2
Scottie Barnes,2026-01-16,LAC,19.1,5.2,8.2,24,6,7
T.J. McConnell,2026-01-16,NO,9.8,5.2,2.3,8,9,2
Terance Mann,2026-01-16,CHI,7.4,3.7,3.4,5,0,2
Tony Bradley,2026-01-16,NO,4.0,0.5,2.6,3,3,9
Tre Johnson,2026-01-16,SAC,12.4,1.9,3.0,18,4,2
Tre Jones,2026-01-16,BKN,12.0,5.6,2.9,11,5,5
Trey Murphy III,2026-01-16,IND,21.8,3.6,6.8,22,5,4
Tyrese Maxey,2026-01-16,CLE,30.1,6.3,4.5,22,9,5
VJ Edgecombe,2026-01-16,CLE,16.2,4.1,5.4,10,4,4
Will Riley,2026-01-16,SAC,5.2,1.1,2.0,6,2,1
Yves Missi,2026-01-16,IND,5.8,1.1,6.2,2,0,3
Zach LaVine,2026-01-16,WAS,19.5,2.3,3.1,16,3,2
Zion Williamson,2026-01-16,IND,22.2,3.2,6.3,27,7,6
Aaron Gordon,2026-01-17,WAS,17.0,1.7,6.6,8,11,10
Aaron Wiggins,2026-01-17,MIA,9.9,1.7,3.1,18,1,6
Ace Bailey,2026-01-17,DAL,9.5,1.6,3.3,18,1,8
Ajay Mitchell,2026-01-17,MIA,14.6,3.8,3.5,15,2,4
Al Horford,2026-01-17,CHA,6.7,2.1,4.8,11,1,2
Alex Caruso,2026-01-17,MIA,6.5,2.1,2.9,5,2,4
Alex Sarr,2026-01-17,DEN,16.7,2.7,8.2,16,1,8
Andrew Wiggins,2026-01-17,OKC,15.6,2.8,4.9,15,5,5
Anfernee Simons,2026-01-17,ATL,13.9,2.4,2.4,14,1,2
Anthony Edwards,2026-01-17,SA,28.6,3.6,4.9,55,3,4
Anthony Edwards,2026-01-17,SAS,28.4,3.5,5.0,55,3,4
Ausar Thompson,2026-01-17,IND,11.3,2.6,6.4,7,1,7
Bam Adebayo,2026-01-17,OKC,16.5,2.7,9.5,30,4,12
Baylor Scheierman,2026-01-17,ATL,2.2,0.5,1.6,9,4,7
Brandin Podziemski,2026-01-17,CHA,11.8,3.1,4.4,16,7,6
Brandon Miller,2026-01-17,GS,19.0,3.5,4.1,28,5,6
Brandon Miller,2026-01-17,GSW,19.1,3.4,4.2,28,5,6
Brandon Williams,2026-01-17,UTA,11.7,3.7,2.8,22,5,4
Brice Sensabaugh,2026-01-17,DAL,11.1,1.5,2.9,25,2,6
Bruce Brown,2026-01-17,WAS,6.6,2.1,4.2,4,4,3
Buddy Hield,2026-01-17,CHA,6.7,1.4,2.4,14,1,3
CJ McCollum,2026-01-17,BOS,18.3,3.8,3.3,11,4,7
Cade Cunningham,2026-01-17,IND,26.5,10.2,6.8,16,5,3
Caleb Love,2026-01-17,LAL,9.9,2.5,2.7,22,7,1
Caleb Martin,2026-01-17,UTA,1.9,1.3,1.8,3,5,6
Caris LeVert,2026-01-17,IND,8.2,2.8,1.8,10,4,1
Carlton Carrington,2026-01-17,DEN,9.1,5.3,3.8,13,3,4
Cason Wallace,2026-01-17,MIA,7.3,2.1,3.0,9,3,6
Chet Holmgren,2026-01-17,MIA,17.4,1.6,8.4,14,2,11
Cody Williams,2026-01-17,DAL,4.4,0.7,1.9,11,2,4
Collin Gillespie,2026-01-17,NY,12.6,4.8,4.1,11,6,3
Collin Sexton,2026-01-17,GS,15.2,4.1,2.0,17,3,3
Collin Sexton,2026-01-17,GSW,15.1,4.1,2.0,17,3,3
Corey Kispert,2026-01-17,BOS,8.5,1.6,2.2,16,1,7
De'Aaron Fox,2026-01-17,MIN,20.2,6.4,4.2,25,12,3
De'Anthony Melton,2026-01-17,CHA,9.0,1.8,2.5,24,3,6
Derrick White,2026-01-17,ATL,18.0,5.2,4.4,7,12,5
Devin Booker,2026-01-17,NY,25.0,6.9,4.1,27,4,4
Dillon Brooks,2026-01-17,NY,21.2,1.6,3.2,5,1,6
Donovan Clingan,2026-01-17,LAL,10.8,1.7,10.8,18,4,11
Donte DiVincenzo,2026-01-17,SA,13.3,4.2,4.4,11,3,5
Donte DiVincenzo,2026-01-17,SAS,13.3,4.2,4.6,11,3,5
Draymond Green,2026-01-17,CHA,8.8,5.3,6.0,20,6,3
Drew Timme,2026-01-17,POR,0.8,0.5,0.7,21,4,2
Dru Smith,2026-01-17,OKC,6.9,2.5,2.3,5,2,2
Duncan Robinson,2026-01-17,IND,11.8,1.9,2.7,16,2,2
Dwight Powell,2026-01-17,UTA,2.7,0.9,3.2,10,3,8
Dylan Harper,2026-01-17,MIN,10.1,3.7,3.2,9,3,3
Ethan Thompson,2026-01-17,DET,3.7,1.3,1.7,10,2,5
Gabe Vincent,2026-01-17,POR,5.2,1.3,1.0,3,1,0
Grant Williams,2026-01-17,GS,5.8,0.0,4.3,7,2,0
Grant Williams,2026-01-17,GSW,5.9,0.0,4.3,7,2,0
Grayson Allen,2026-01-17,NY,16.1,3.6,3.0,16,3,0
Harrison Barnes,2026-01-17,MIN,10.8,2.1,3.0,8,0,8
Hugo  Gonzalez,2026-01-17,ATL,2.5,0.6,3.7,7,0,8
Isaiah Collier,2026-01-17,DAL,8.5,6.7,2.3,9,4,1
Isaiah Jackson,2026-01-17,DET,6.9,0.8,6.5,10,0,5
Isaiah Joe,2026-01-17,MIA,9.2,1.3,2.5,8,2,3
Isaiah Stewart,2026-01-17,IND,10.3,1.0,6.2,7,5,7
Jaden Hardy,2026-01-17,UTA,6.3,0.7,1.4,12,3,1
Jaden Ivey,2026-01-17,IND,8.7,1.7,2.2,5,0,2
Jaden McDaniels,2026-01-17,SA,14.9,2.7,4.4,23,5,5
Jaden McDaniels,2026-01-17,SAS,14.6,2.7,4.4,23,5,5
Jake LaRavia,2026-01-17,POR,9.8,2.0,4.2,2,4,5
Jalen Duren,2026-01-17,IND,17.6,1.6,10.9,15,4,8
Jalen Johnson,2026-01-17,BOS,23.0,8.5,10.2,12,5,8
Jalen Pickett,2026-01-17,WAS,6.0,2.4,2.5,5,6,5
Jamal Murray,2026-01-17,WAS,25.1,7.5,4.5,42,6,3
Jamir Watkins,2026-01-17,DEN,2.7,0.4,2.4,3,1,5
Jarace Walker,2026-01-17,DET,9.1,1.9,4.2,13,2,5
Jarred Vanderbilt,2026-01-17,POR,4.9,1.3,5.3,6,1,2
Javonte Green,2026-01-17,IND,7.0,0.8,2.8,16,0,3
Jaylen Brown,2026-01-17,ATL,29.2,4.9,6.4,41,2,6
Jaylin Williams,2026-01-17,MIA,5.4,2.4,4.8,2,4,1
Jerami Grant,2026-01-17,LAL,20.1,2.6,4.0,22,2,3
Jeremiah Robinson-Earl,2026-01-17,UTA,5.1,0.6,5.3,6,2,4
Joan Beringer,2026-01-17,SA,2.7,0.1,1.7,10,3,8
Joan Beringer,2026-01-17,SAS,2.7,0.1,1.7,10,3,8
Johnny Furphy,2026-01-17,DET,4.9,0.7,3.8,5,0,5
Jordan Clarkson,2026-01-17,PHO,9.7,1.3,1.8,6,0,3
Jordan Goodwin,2026-01-17,NY,8.4,2.2,4.9,13,3,3
Josh Green,2026-01-17,GS,4.0,1.1,1.8,0,1,1
Josh Green,2026-01-17,GSW,4.0,1.0,1.8,0,1,1
Jrue Holiday,2026-01-17,LAL,15.1,7.4,5.2,9,4,3
Julian Champagnie,2026-01-17,MIN,11.0,1.5,7.0,7,2,5
Julius Randle,2026-01-17,SA,21.8,5.8,7.9,17,1,10
Julius Randle,2026-01-17,SAS,21.8,5.8,7.8,17,1,10
Justin Champagnie,2026-01-17,DEN,5.8,1.0,6.2,13,1,9
Kam Jones,2026-01-17,DET,2.4,0.6,0.4,2,3,4
Karl-Anthony Towns,2026-01-17,PHO,20.1,2.8,11.4,23,2,11
Kasparas Jakucionis,2026-01-17,OKC,3.2,2.1,1.9,3,7,5
Kel'el Ware,2026-01-17,OKC,11.4,0.5,10.1,7,0,9
Keldon Johnson,2026-01-17,MIN,13.4,1.3,7.0,20,2,1
Keyonte George,2026-01-17,DAL,22.7,6.5,4.2,29,6,1
Khris Middleton,2026-01-17,DEN,9.3,3.2,3.8,16,4,7
Klay Thompson,2026-01-17,UTA,11.4,1.4,2.4,23,3,0
Kobe Bufkin,2026-01-17,POR,2.0,0.5,2.0,9,1,1
Kon Knueppel,2026-01-17,GS,19.3,3.7,5.1,24,2,11
Kon Knueppel,2026-01-17,GSW,19.1,3.7,5.1,24,2,11
Kyle Anderson,2026-01-17,DAL,7.8,3.0,3.8,8,2,2
Kyle Filipowski,2026-01-17,DAL,9.3,1.8,6.6,13,5,12
Kyshawn George,2026-01-17,DEN,14.4,4.8,5.5,29,7,5
LaMelo Ball,2026-01-17,GS,20.3,7.8,5.1,15,2,4
LaMelo Ball,2026-01-17,GSW,20.3,7.8,5.2,15,2,4
LeBron James,2026-01-17,POR,22.6,6.5,6.5,20,8,9
Luguentz Dort,2026-01-17,MIA,8.6,1.0,3.7,2,0,4
Luke Kennard,2026-01-17,BOS,7.4,2.2,1.8,2,1,4
Luke Kornet,2026-01-17,MIN,8.2,1.9,7.7,8,2,6
Marcus Smart,2026-01-17,POR,9.1,3.0,3.2,25,0,2
Mark Williams,2026-01-17,NY,11.7,1.0,8.5,14,1,9
Marvin Bagley III,2026-01-17,DEN,10.3,1.4,6.3,14,2,6
Max Christie,2026-01-17,UTA,12.3,2.1,3.5,22,4,2
Maxi Kleber,2026-01-17,POR,1.6,0.7,1.7,11,1,5
Micah Potter,2026-01-17,DET,7.4,1.3,3.4,2,5,9
Mikal Bridges,2026-01-17,PHO,16.2,4.3,4.6,15,1,3
Mike Conley,2026-01-17,SA,5.3,3.0,1.8,0,3,2
Mike Conley,2026-01-17,SAS,5.4,3.0,1.7,0,3,2
Miles Bridges,2026-01-17,GS,19.7,3.5,7.0,9,2,4
Miles Bridges,2026-01-17,GSW,19.5,3.5,7.0,9,2,4
Miles McBride,2026-01-17,PHO,12.8,2.7,2.5,23,5,2
Mitchell Robinson,2026-01-17,PHO,4.4,1.1,9.0,1,2,10
Moses Moody,2026-01-17,CHA,9.7,1.5,3.1,12,2,1
Mouhamed Gueye,2026-01-17,BOS,4.3,0.9,3.6,5,3,7
Moussa Cisse,2026-01-17,UTA,3.2,0.2,4.3,9,0,10
Myron Gardner,2026-01-17,OKC,2.7,0.4,1.5,11,1,5
Naji Marshall,2026-01-17,UTA,13.5,2.8,4.6,16,6,5
Neemias Queta,2026-01-17,ATL,10.5,1.3,8.2,14,1,7
Nickeil Alexander-Walker,2026-01-17,BOS,20.4,3.5,3.7,18,6,2
Nikola Jovic,2026-01-17,OKC,8.5,2.1,3.9,3,2,1
Norman Powell,2026-01-17,OKC,23.8,2.7,3.7,19,4,4
OG Anunoby,2026-01-17,PHO,15.5,2.1,5.4,21,5,8
Onyeka Okongwu,2026-01-17,BOS,16.1,3.2,8.6,21,3,7
Oso Ighodaro,2026-01-17,NY,5.2,1.8,4.3,2,0,3
Pelle Larsson,2026-01-17,OKC,8.9,3.1,2.7,16,2,3
Peyton Watson,2026-01-17,WAS,13.5,1.9,5.0,21,2,5
Quenton Jackson,2026-01-17,DET,6.9,1.9,2.0,8,2,1
Quinten Post,2026-01-17,CHA,8.2,1.3,3.8,7,2,7
Rayan Rupert,2026-01-17,LAL,2.2,0.7,1.7,0,2,2
Robert Williams III,2026-01-17,LAL,6.1,1.0,6.8,8,0,6
Ron Holland,2026-01-17,IND,9.3,0.7,7.3,7,3,6
Royce O'Neale,2026-01-17,NY,10.5,2.8,5.1,10,2,5
Rui Hachimura,2026-01-17,POR,11.5,0.8,3.7,11,1,1
Ryan Dunn,2026-01-17,NY,6.9,1.8,4.7,8,2,3
Ryan Kalkbrenner,2026-01-17,GS,8.5,0.6,6.8,4,3,7
Ryan Kalkbrenner,2026-01-17,GSW,8.4,0.6,6.9,4,3,7
Ryan Nembhard,2026-01-17,UTA,7.0,5.3,1.9,7,4,1
Sam Hauser,2026-01-17,ATL,7.4,1.3,3.6,30,3,6
Shaedon Sharpe,2026-01-17,LAL,21.5,2.7,4.5,25,4,3
Shai Gilgeous-Alexander,2026-01-17,MIA,32.5,6.7,4.4,39,3,4
Sidy Cissoko,2026-01-17,LAL,5.6,1.5,2.2,14,0,5
Simone Fontecchio,2026-01-17,OKC,7.6,1.4,2.7,13,3,5
Sion James,2026-01-17,GS,6.5,1.9,3.5,2,3,2
Sion James,2026-01-17,GSW,6.5,1.9,3.4,2,3,2
Spencer Jones,2026-01-17,WAS,5.9,0.9,2.9,7,0,3
Stephen Curry,2026-01-17,CHA,27.1,4.9,3.8,14,5,3
Stephon Castle,2026-01-17,MIN,17.4,7.5,5.1,8,9,6
Taelon Peter,2026-01-17,DET,1.4,0.7,0.9,5,2,4
Tidjane Salaun,2026-01-17,GS,4.2,0.7,3.8,2,2,4
Tidjane Salaun,2026-01-17,GSW,4.2,0.7,3.9,2,2,4
Tim Hardaway Jr.,2026-01-17,WAS,13.7,1.3,2.4,30,0,2
Tobias Harris,2026-01-17,IND,13.7,2.3,4.7,7,4,5
Tony Bradley,2026-01-17,DET,4.0,0.5,2.6,12,1,3
Toumani Camara,2026-01-17,LAL,12.4,2.7,5.1,9,1,2
Tre Johnson,2026-01-17,DEN,12.5,1.9,3.0,4,1,2
Tyler Kolek,2026-01-17,PHO,5.0,2.9,2.0,2,1,1
Victor Wembanyama,2026-01-17,MIN,24.3,2.8,10.9,39,3,9
Vit Krejci,2026-01-17,BOS,8.0,1.5,2.5,3,0,1
Walter Clayton Jr.,2026-01-17,DAL,6.7,3.3,2.0,5,8,3
Will Richard,2026-01-17,CHA,7.3,1.1,2.5,11,5,6
Will Riley,2026-01-17,DEN,5.2,1.1,2.0,7,0,2
Zeke Nnaji,2026-01-17,WAS,4.2,0.5,2.3,4,2,6
Alperen Sengun,2026-01-18,NO,22.2,6.1,9.3,8,3,2
Amen Thompson,2026-01-18,NO,18.6,5.2,7.7,14,4,6
Anthony Black,2026-01-18,MEM,15.6,4.0,4.2,19,6,2
Ayo Dosunmu,2026-01-18,BKN,14.3,3.5,2.7,13,4,0
Cam Spencer,2026-01-18,ORL,12.0,5.4,2.8,10,3,0
Cam Thomas,2026-01-18,CHI,17.0,2.5,1.7,2,6,1
Cedric Coward,2026-01-18,ORL,14.1,2.9,7.2,13,3,4
Coby White,2026-01-18,BKN,17.2,4.8,3.5,16,2,2
Derik Queen,2026-01-18,HOU,12.1,4.1,7.6,13,2,1
Desmond Bane,2026-01-18,MEM,18.7,4.5,4.5,11,3,4
Franz Wagner,2026-01-18,MEM,22.9,3.4,6.9,14,3,4
Goga Bitadze,2026-01-18,MEM,6.1,1.3,5.3,9,1,6
Gregory Jackson,2026-01-18,ORL,11.2,1.0,3.2,7,0,4
Ja Morant,2026-01-18,ORL,19.8,7.4,3.2,24,13,5
Jabari Smith,2026-01-18,NO,12.6,1.4,7.6,22,0,5
Jalen Smith,2026-01-18,BKN,9.3,1.3,7.5,9,2,6
Jaren Jackson Jr.,2026-01-18,ORL,18.7,1.8,6.1,17,0,5
Jase Richardson,2026-01-18,MEM,5.5,1.3,1.4,11,3,4
Jaylen Wells,2026-01-18,ORL,11.9,1.8,3.5,10,0,2
Jock Landale,2026-01-18,ORL,10.9,1.7,6.9,21,3,8
John Konchar,2026-01-18,ORL,3.1,1.3,2.8,3,3,3
Kentavious Caldwell-Pope,2026-01-18,ORL,8.3,2.8,2.4,7,1,1
Kevin Durant,2026-01-18,NO,26.7,4.2,5.4,8,5,2
Nicolas Claxton,2026-01-18,CHI,10.1,3.0,7.7,10,4,5
Nikola Vucevic,2026-01-18,BKN,20.6,5.2,10.0,11,4,7
Noah Clowney,2026-01-18,CHI,13.2,1.8,4.2,2,2,5
Paolo Banchero,2026-01-18,MEM,20.9,4.6,8.8,16,9,8
Saddiq Bey,2026-01-18,HOU,14.6,2.1,6.2,8,2,2
Santi Aldama,2026-01-18,ORL,13.7,3.0,7.4,9,3,5
Steven Adams,2026-01-18,NO,6.2,1.5,8.5,5,2,11
Trey Murphy III,2026-01-18,HOU,21.7,3.7,6.7,9,1,2
Tristan da Silva,2026-01-18,MEM,9.1,1.2,3.6,4,0,3
Vince Williams Jr.,2026-01-18,ORL,7.4,4.8,4.1,5,2,5
Wendell Carter Jr.,2026-01-18,MEM,12.4,2.0,8.4,18,4,7
Zion Williamson,2026-01-18,HOU,22.8,3.3,6.3,8,2,3
AJ Green,2026-01-19,ATL,10.2,2.1,2.5,18,1,3
Aaron Nesmith,2026-01-19,PHI,13.6,2.0,5.0,7,1,11
Aaron Wiggins,2026-01-19,CLE,10.1,1.7,3.3,12,3,6
Ace Bailey,2026-01-19,SA,9.8,1.6,3.4,8,4,4
Adem Bona,2026-01-19,IND,3.9,0.3,3.8,2,0,4
Ajay Mitchell,2026-01-19,CLE,14.6,3.7,3.5,5,9,2
Al Horford,2026-01-19,MIA,6.8,2.0,4.7,10,2,8
Alex Sarr,2026-01-19,LAC,17.0,2.6,8.4,28,2,6
Andrew Nembhard,2026-01-19,PHI,17.3,8.0,2.6,25,5,2
Andrew Wiggins,2026-01-19,GS,15.6,2.9,5.0,18,1,5
Anfernee Simons,2026-01-19,DET,13.9,2.4,2.3,9,0,3
Ausar Thompson,2026-01-19,BOS,11.1,2.6,6.4,7,2,7
Bam Adebayo,2026-01-19,GS,16.9,2.8,9.7,4,3,12
Baylor Scheierman,2026-01-19,DET,2.4,0.6,1.7,3,1,1
Bobby Portis,2026-01-19,ATL,13.1,1.3,7.1,19,1,3
Brandin Podziemski,2026-01-19,MIA,12.0,3.2,4.4,24,4,6
Brook Lopez,2026-01-19,WAS,5.9,0.8,2.6,6,0,2
Buddy Hield,2026-01-19,MIA,7.0,1.4,2.4,16,2,4
CJ McCollum,2026-01-19,MIL,18.1,3.8,3.4,17,3,3
Cade Cunningham,2026-01-19,BOS,25.8,10.0,6.5,16,14,3
Caleb Martin,2026-01-19,NY,2.0,1.4,1.9,3,3,1
Cam Christie,2026-01-19,WAS,3.3,0.5,1.7,6,1,2
Caris LeVert,2026-01-19,BOS,8.2,2.9,1.8,2,1,3
Carlton Carrington,2026-01-19,LAC,10.2,5.5,3.7,17,7,6
Cason Wallace,2026-01-19,CLE,7.4,2.1,3.1,4,2,2
Chet Holmgren,2026-01-19,CLE,17.1,1.6,8.5,28,2,8
Cody Williams,2026-01-19,SA,4.7,0.7,2.0,5,0,3
Collin Gillespie,2026-01-19,BKN,12.8,4.9,4.1,22,5,5
Cooper Flagg,2026-01-19,NY,18.7,4.2,7.0,18,3,7
Corey Kispert,2026-01-19,MIL,8.8,1.5,2.4,2,1,1
Craig Porter Jr.,2026-01-19,OKC,4.5,3.1,3.6,9,3,5
Davion Mitchell,2026-01-19,GS,8.9,7.3,2.5,7,3,6
De'Aaron Fox,2026-01-19,UTA,20.5,6.5,4.1,14,8,5
De'Andre Hunter,2026-01-19,OKC,13.4,2.1,4.3,16,1,9
Dean Wade,2026-01-19,OKC,5.7,1.5,4.0,0,0,2
Derrick White,2026-01-19,DET,17.9,5.3,4.4,4,5,9
Devin Booker,2026-01-19,BKN,25.4,6.7,4.1,24,4,4
Dillon Brooks,2026-01-19,BKN,20.9,1.6,3.3,27,2,5
Dom Barlow,2026-01-19,IND,6.5,0.2,3.9,11,0,7
Donovan Mitchell,2026-01-19,OKC,29.2,5.8,4.9,19,3,4
Drake Powell,2026-01-19,PHO,6.1,1.7,1.6,11,3,1
Duncan Robinson,2026-01-19,BOS,11.8,1.9,2.8,15,2,3
Dwight Powell,2026-01-19,NY,3.0,1.0,3.5,2,2,5
Dylan Harper,2026-01-19,UTA,10.1,3.7,3.2,15,5,3
Dyson Daniels,2026-01-19,MIL,11.9,6.4,7.3,17,10,9
Evan Mobley,2026-01-19,OKC,17.9,4.1,9.5,16,5,7
Gary Harris,2026-01-19,ATL,2.9,0.9,1.5,2,2,2
Gary Payton II,2026-01-19,MIA,4.3,1.6,3.3,6,0,3
Giannis Antetokounmpo,2026-01-19,ATL,29.0,5.5,9.6,21,6,17
Grayson Allen,2026-01-19,BKN,15.9,3.5,2.9,14,8,3
Harrison Barnes,2026-01-19,UTA,10.6,2.0,3.1,10,4,1
Isaiah Collier,2026-01-19,SA,8.5,6.7,2.3,10,2,1
Isaiah Joe,2026-01-19,CLE,9.2,1.3,2.5,16,2,5
Isaiah Stewart,2026-01-19,BOS,10.2,1.1,6.1,8,0,5
Ivica Zubac,2026-01-19,WAS,14.5,2.3,10.8,14,1,12
Jabari Walker,2026-01-19,IND,3.5,0.5,3.3,5,0,6
Jaden Ivey,2026-01-19,BOS,8.5,1.7,2.1,7,2,3
Jaime Jaquez Jr.,2026-01-19,GS,15.9,5.1,5.0,10,9,5
Jalen Brunson,2026-01-19,DAL,28.3,6.1,3.2,22,6,0
Jalen Duren,2026-01-19,BOS,17.4,1.7,10.8,18,1,9
Jalen Johnson,2026-01-19,MIL,22.9,8.4,10.1,28,6,16
James Harden,2026-01-19,WAS,25.8,8.1,4.7,36,9,7
Jamir Watkins,2026-01-19,LAC,2.9,0.4,2.6,1,1,7
Jarace Walker,2026-01-19,PHI,9.1,1.9,4.1,8,2,5
Jarrett Allen,2026-01-19,OKC,13.9,2.0,8.7,16,1,9
Jay Huff,2026-01-19,PHI,8.0,1.3,3.8,10,1,6
Jaylen Brown,2026-01-19,DET,29.8,4.7,6.4,32,2,11
Jaylon Tyson,2026-01-19,OKC,13.0,2.0,5.2,16,4,10
Jimmy Butler,2026-01-19,MIA,22.1,4.7,6.5,17,4,3
Joel Embiid,2026-01-19,IND,24.3,3.1,7.6,30,4,9
John Collins,2026-01-19,WAS,13.0,0.8,5.1,11,0,4
Jordan Goodwin,2026-01-19,BKN,8.6,2.3,4.8,2,2,2
Jordan Miller,2026-01-19,WAS,7.2,1.5,2.9,16,3,5
Jordan Walsh,2026-01-19,DET,5.4,0.8,4.7,2,0,1
Josh Hart,2026-01-19,DAL,11.5,5.3,7.7,8,3,6
Julian Champagnie,2026-01-19,UTA,10.9,1.5,6.8,13,0,4
Justin Champagnie,2026-01-19,LAC,6.3,1.0,6.3,9,0,4
Jusuf Nurkic,2026-01-19,SA,15.8,4.0,16.2,20,5,9
Karl-Anthony Towns,2026-01-19,DAL,19.9,2.8,11.5,22,4,18
Kel'el Ware,2026-01-19,GS,11.5,0.5,10.0,15,2,4
Keldon Johnson,2026-01-19,UTA,13.5,1.3,6.9,2,2,3
Kelly Oubre Jr.,2026-01-19,IND,12.5,1.1,4.8,18,5,1
Kenrich Williams,2026-01-19,CLE,5.4,1.4,2.7,5,3,4
Kevin Love,2026-01-19,SA,6.5,1.9,5.5,6,2,11
Kevin Porter,2026-01-19,ATL,13.5,7.4,4.5,9,7,6
Kevin Porter Jr.,2026-01-19,ATL,17.0,7.9,4.9,9,7,6
Keyonte George,2026-01-19,SA,23.5,6.5,4.0,30,6,3
Khris Middleton,2026-01-19,LAC,9.5,3.3,4.0,11,5,5
Klay Thompson,2026-01-19,NY,11.6,1.5,2.4,14,2,5
Kobe Sanders,2026-01-19,WAS,5.9,1.5,2.4,8,1,3
Kris Dunn,2026-01-19,WAS,7.8,3.1,2.8,10,4,5
Kyle Filipowski,2026-01-19,SA,9.3,1.9,6.9,13,2,6
Kyle Kuzma,2026-01-19,ATL,12.6,2.2,4.6,10,1,1
Kyshawn George,2026-01-19,LAC,15.1,4.9,6.2,18,6,6
Landry Shamet,2026-01-19,DAL,9.1,1.0,1.8,6,1,1
Luguentz Dort,2026-01-19,CLE,8.4,1.0,3.7,18,3,5
Luka Garza,2026-01-19,DET,7.2,1.0,4.3,10,0,4
Luke Kornet,2026-01-19,UTA,8.2,1.9,7.6,7,4,7
Mark Williams,2026-01-19,BKN,11.8,1.0,8.3,16,0,8
Marvin Bagley III,2026-01-19,LAC,10.3,1.4,6.2,6,1,8
Max Christie,2026-01-19,NY,12.4,2.2,3.4,26,2,6
Michael Porter Jr.,2026-01-19,PHO,25.8,3.2,8.3,23,4,6
Mikal Bridges,2026-01-19,DAL,16.1,4.2,4.5,7,3,3
Miles McBride,2026-01-19,DAL,13.1,2.8,2.5,5,2,3
Mitchell Robinson,2026-01-19,DAL,4.2,1.1,9.1,12,0,14
Moses Moody,2026-01-19,MIA,9.9,1.5,3.0,13,2,4
Moussa Cisse,2026-01-19,NY,3.4,0.2,4.5,15,1,9
Myles Turner,2026-01-19,ATL,11.9,1.5,5.3,14,1,8
Nae'Qwan Tomlin,2026-01-19,OKC,6.0,0.8,2.9,6,1,8
Naji Marshall,2026-01-19,NY,13.5,2.8,4.6,19,4,8
Neemias Queta,2026-01-19,DET,10.6,1.3,8.2,10,1,8
Nickeil Alexander-Walker,2026-01-19,MIL,20.4,3.6,3.5,32,6,6
Nicolas Batum,2026-01-19,WAS,5.1,0.8,2.6,3,1,3
Nicolas Claxton,2026-01-19,PHO,10.0,3.0,7.6,12,6,8
Noah Clowney,2026-01-19,PHO,13.2,1.9,4.1,16,0,1
Nolan Traore,2026-01-19,PHO,4.7,2.7,1.1,10,2,1
Norman Powell,2026-01-19,GS,23.7,2.7,3.8,21,3,3
OG Anunoby,2026-01-19,DAL,15.5,2.2,6.1,9,2,6
Onyeka Okongwu,2026-01-19,MIL,16.0,3.2,8.8,4,4,10
Oso Ighodaro,2026-01-19,BKN,5.2,1.8,4.2,5,1,4
Pascal Siakam,2026-01-19,PHI,23.6,4.1,7.6,24,7,6
Payton Pritchard,2026-01-19,DET,15.9,5.9,4.5,17,3,3
Pelle Larsson,2026-01-19,GS,9.0,3.1,2.7,9,3,5
Pete Nance,2026-01-19,ATL,2.5,0.2,0.7,5,2,4
Quentin Grimes,2026-01-19,IND,13.7,3.8,4.0,5,1,3
Quenton Jackson,2026-01-19,PHI,7.1,1.9,2.0,6,3,4
Quinten Post,2026-01-19,MIA,8.2,1.4,3.9,15,3,9
Royce O'Neale,2026-01-19,BKN,10.4,2.8,5.0,11,5,3
Ryan Dunn,2026-01-19,BKN,7.1,1.8,4.7,3,1,1
Ryan Nembhard,2026-01-19,NY,7.0,5.3,1.9,4,5,3
Ryan Rollins,2026-01-19,ATL,16.0,5.9,4.6,14,3,3
Sam Hauser,2026-01-19,DET,7.8,1.3,3.6,16,1,5
Shai Gilgeous-Alexander,2026-01-19,CLE,32.7,6.5,4.4,30,3,1
Simone Fontecchio,2026-01-19,GS,7.7,1.4,2.8,13,2,8
Stephen Curry,2026-01-19,MIA,26.7,4.9,3.8,19,11,3
Stephon Castle,2026-01-19,UTA,17.2,7.4,5.0,18,8,2
Svi Mykhailiuk,2026-01-19,SA,9.5,2.0,2.6,10,3,2
Terance Mann,2026-01-19,PHO,7.3,3.6,3.4,10,8,4
Tobias Harris,2026-01-19,BOS,13.4,2.4,4.7,25,1,3
Tony Bradley,2026-01-19,PHI,4.2,0.5,2.8,8,0,7
Tre Johnson,2026-01-19,LAC,12.2,2.0,2.9,15,5,1
Tyrese Martin,2026-01-19,PHO,6.9,2.1,2.9,9,1,1
Tyrese Maxey,2026-01-19,IND,30.2,6.4,4.4,29,8,4
Tyrese Proctor,2026-01-19,OKC,4.7,1.3,1.3,3,1,0
VJ Edgecombe,2026-01-19,IND,16.1,4.0,5.3,11,4,5
Victor Wembanyama,2026-01-19,UTA,24.6,2.9,10.9,33,1,10
Vit Krejci,2026-01-19,MIL,7.5,1.3,2.3,0,2,0
Walter Clayton Jr.,2026-01-19,SA,6.6,3.4,2.0,8,7,3
Will Richard,2026-01-19,MIA,7.4,1.2,2.6,5,7,3
Will Riley,2026-01-19,LAC,5.3,1.1,2.0,1,0,2
Ziaire Williams,2026-01-19,PHO,8.5,0.6,2.4,15,1,2
Aaron Gordon,2026-01-20,LAL,16.7,2.1,7.1,18,5,4
Ace Bailey,2026-01-20,MIN,9.8,1.6,3.3,20,1,5
Adem Bona,2026-01-20,PHO,3.8,0.3,3.8,11,0,10
Adem Bona,2026-01-20,PHX,3.8,0.3,3.8,11,0,10
Alperen Sengun,2026-01-20,SA,21.5,5.9,8.9,20,9,13
Alperen Sengun,2026-01-20,SAS,21.6,6.0,8.9,20,9,13
Amen Thompson,2026-01-20,SA,18.6,5.3,7.7,16,6,10
Amen Thompson,2026-01-20,SAS,18.4,5.3,7.7,16,6,10
Andre Drummond,2026-01-20,PHO,6.5,0.7,8.7,8,1,15
Andre Drummond,2026-01-20,PHX,6.7,0.7,8.8,8,1,15
Andrew Wiggins,2026-01-20,SAC,15.5,2.9,5.0,19,2,3
Anthony Edwards,2026-01-20,UTA,28.9,3.5,4.9,38,3,8
Ayo Dosunmu,2026-01-20,LAC,14.0,3.5,2.6,18,4,3
Bam Adebayo,2026-01-20,SAC,16.9,2.8,9.5,25,5,7
Brandin Podziemski,2026-01-20,TOR,11.9,3.2,4.4,11,2,3
Brandon Ingram,2026-01-20,GS,21.8,3.7,6.7,22,5,4
Brandon Ingram,2026-01-20,GSW,21.9,3.7,6.6,22,5,4
Bruce Brown,2026-01-20,LAL,6.5,2.2,4.2,4,2,4
Buddy Hield,2026-01-20,TOR,7.0,1.4,2.4,25,2,1
Cam Christie,2026-01-20,CHI,3.2,0.5,1.7,7,1,5
Coby White,2026-01-20,LAC,17.3,4.7,3.6,27,6,2
Cody Williams,2026-01-20,MIN,4.7,0.8,1.9,8,1,3
Collin Gillespie,2026-01-20,PHI,12.7,4.9,4.1,12,4,4
Davion Mitchell,2026-01-20,SAC,9.1,7.3,2.5,6,7,3
De'Aaron Fox,2026-01-20,HOU,20.1,6.6,4.1,14,5,3
De'Anthony Melton,2026-01-20,TOR,9.8,1.8,2.6,6,5,3
DeMar DeRozan,2026-01-20,MIA,18.8,3.9,3.3,23,5,4
Deandre Ayton,2026-01-20,DEN,13.9,0.9,8.8,4,0,8
Dennis Schroder,2026-01-20,MIA,14.5,5.2,2.2,4,2,2
Devin Booker,2026-01-20,PHI,25.4,6.7,4.0,27,4,3
Dillon Brooks,2026-01-20,PHI,20.8,1.6,3.3,6,1,5
Dom Barlow,2026-01-20,PHO,6.5,0.2,4.1,8,2,5
Dom Barlow,2026-01-20,PHX,6.7,0.2,4.0,8,2,5
Domantas Sabonis,2026-01-20,MIA,16.8,3.9,11.7,6,3,10
Donte DiVincenzo,2026-01-20,UTA,13.2,4.2,4.7,15,8,5
Dorian Finney-Smith,2026-01-20,SA,2.0,0.5,2.8,2,1,1
Dorian Finney-Smith,2026-01-20,SAS,2.0,0.5,2.9,2,1,1
Draymond Green,2026-01-20,TOR,9.0,5.2,5.8,6,5,6
Dylan Cardwell,2026-01-20,MIA,4.5,0.8,6.9,4,1,12
Dylan Harper,2026-01-20,HOU,10.1,3.7,3.2,8,5,3
Gabe Vincent,2026-01-20,DEN,5.1,1.3,0.9,5,0,0
Gradey Dick,2026-01-20,GS,6.0,0.7,2.2,10,0,3
Gradey Dick,2026-01-20,GSW,5.9,0.7,2.2,10,0,3
Grayson Allen,2026-01-20,PHI,16.1,3.5,2.8,16,6,5
Gui Santos,2026-01-20,TOR,3.8,1.0,2.4,3,2,0
Harrison Barnes,2026-01-20,HOU,10.8,2.0,3.1,6,1,2
Immanuel Quickley,2026-01-20,GS,16.3,6.2,4.2,40,10,2
Immanuel Quickley,2026-01-20,GSW,16.5,6.2,4.2,40,10,2
Isaac Okoro,2026-01-20,LAC,7.8,1.5,2.7,2,0,0
Isaiah Collier,2026-01-20,MIN,8.6,6.6,2.3,18,10,4
Ivica Zubac,2026-01-20,CHI,14.3,2.3,10.9,12,1,11
Jabari Smith,2026-01-20,SA,13.5,1.3,7.4,17,1,4
Jabari Smith,2026-01-20,SAS,13.5,1.3,7.4,17,1,4
Jaden McDaniels,2026-01-20,UTA,15.0,2.8,4.5,18,6,6
Jaime Jaquez Jr.,2026-01-20,SAC,16.2,5.1,5.2,13,3,9
Jake LaRavia,2026-01-20,DEN,9.5,2.0,4.3,7,2,1
Jalen Green,2026-01-20,PHI,12.8,2.0,2.0,12,3,2
Jalen Pickett,2026-01-20,LAL,6.1,2.5,2.5,7,4,6
Jalen Smith,2026-01-20,LAC,9.6,1.3,7.4,10,1,9
Jamal Murray,2026-01-20,LAL,25.0,7.3,4.4,28,11,2
Jamal Shead,2026-01-20,GS,7.3,5.6,1.8,10,8,1
Jamal Shead,2026-01-20,GSW,7.3,5.6,1.8,10,8,1
James Harden,2026-01-20,CHI,25.7,8.0,4.8,24,6,5
Jamison Battle,2026-01-20,GS,3.3,0.4,1.5,9,3,2
Jamison Battle,2026-01-20,GSW,3.2,0.4,1.5,9,3,2
Jarred Vanderbilt,2026-01-20,DEN,5.0,1.3,5.1,0,2,4
Jaxson Hayes,2026-01-20,DEN,6.1,0.8,3.9,9,0,5
Jaylen Clark,2026-01-20,UTA,3.9,0.6,2.0,4,0,2
John Collins,2026-01-20,CHI,12.9,0.8,5.0,23,1,0
Jonathan Kuminga,2026-01-20,TOR,10.7,2.6,6.8,20,2,5
Jordan Goodwin,2026-01-20,PHI,8.6,2.3,4.8,16,2,5
Jordan Miller,2026-01-20,CHI,7.1,1.5,2.9,12,2,2
Josh Okogie,2026-01-20,SA,4.9,0.9,2.8,5,0,1
Josh Okogie,2026-01-20,SAS,4.9,0.9,2.8,5,0,1
Julian Champagnie,2026-01-20,HOU,10.9,1.5,6.9,27,2,8
Julius Randle,2026-01-20,UTA,22.3,5.5,7.8,19,3,2
Jusuf Nurkic,2026-01-20,MIN,16.0,4.0,16.4,16,10,18
Kasparas Jakucionis,2026-01-20,SAC,3.4,2.8,2.3,1,0,2
Keldon Johnson,2026-01-20,HOU,13.4,1.3,6.9,12,0,6
Kelly Oubre Jr.,2026-01-20,PHO,12.7,1.1,4.8,21,1,4
Kelly Oubre Jr.,2026-01-20,PHX,12.7,1.1,4.8,21,1,4
Kevin Durant,2026-01-20,SA,26.5,4.3,5.4,18,7,4
Kevin Durant,2026-01-20,SAS,26.5,4.3,5.3,18,7,4
Kevin Huerter,2026-01-20,LAC,10.8,2.4,3.6,14,7,4
Keyonte George,2026-01-20,MIN,23.4,6.4,4.1,43,3,0
Kobe Sanders,2026-01-20,CHI,6.0,1.5,2.3,8,3,2
Kris Dunn,2026-01-20,CHI,8.0,3.1,2.8,4,6,5
Kyle Anderson,2026-01-20,MIN,7.8,3.0,3.8,2,2,1
Kyle Filipowski,2026-01-20,MIN,9.5,1.9,6.7,11,4,8
LeBron James,2026-01-20,DEN,22.4,6.6,6.5,19,8,9
Luka Doncic,2026-01-20,DEN,33.5,8.6,6.4,38,10,13
Luke Kornet,2026-01-20,HOU,8.1,2.0,7.5,8,1,6
Malik Monk,2026-01-20,MIA,10.7,2.4,2.0,18,2,2
Marcus Smart,2026-01-20,DEN,9.5,2.9,3.1,15,1,2
Mark Williams,2026-01-20,PHI,11.8,1.0,8.3,4,0,9
Matas Buzelis,2026-01-20,LAC,14.4,1.8,5.2,21,4,2
Maxime Raynaud,2026-01-20,MIA,9.5,1.1,7.1,7,0,8
Mike Conley,2026-01-20,UTA,5.2,3.0,1.7,0,2,1
Moses Moody,2026-01-20,TOR,9.7,1.5,3.0,10,0,5
Myron Gardner,2026-01-20,SAC,3.2,0.4,1.7,5,3,1
Naz Reid,2026-01-20,UTA,13.9,2.3,6.7,13,4,9
Nikola Jovic,2026-01-20,SAC,7.7,2.1,3.6,8,2,5
Nikola Vucevic,2026-01-20,LAC,19.5,5.1,9.7,19,4,8
Nique Clifford,2026-01-20,MIA,4.8,1.3,2.9,9,1,3
Norman Powell,2026-01-20,SAC,23.7,2.7,3.7,22,2,3
Oso Ighodaro,2026-01-20,PHI,5.1,1.7,4.3,12,3,5
Pelle Larsson,2026-01-20,SAC,9.2,3.0,2.7,16,9,6
Peyton Watson,2026-01-20,LAL,13.2,1.8,4.9,18,3,5
Precious Achiuwa,2026-01-20,MIA,7.7,1.1,6.1,6,1,5
Quentin Grimes,2026-01-20,PHO,13.8,3.8,3.9,12,5,4
Quentin Grimes,2026-01-20,PHX,13.9,3.8,4.0,12,5,4
Quinten Post,2026-01-20,TOR,8.2,1.4,3.8,12,0,7
Reed Sheppard,2026-01-20,SA,12.9,3.1,2.5,21,4,2
Reed Sheppard,2026-01-20,SAS,12.7,3.1,2.5,21,4,2
Royce O'Neale,2026-01-20,PHI,10.5,2.8,5.1,9,2,3
Rudy Gobert,2026-01-20,UTA,11.0,1.7,11.4,11,0,10
Rui Hachimura,2026-01-20,DEN,11.5,0.8,3.5,9,1,6
Russell Westbrook,2026-01-20,MIA,14.8,7.4,7.0,22,7,2
Sandro Mamukelashvili,2026-01-20,GS,9.8,1.9,4.8,14,4,12
Sandro Mamukelashvili,2026-01-20,GSW,9.9,1.9,4.8,14,4,12
Scottie Barnes,2026-01-20,GS,19.1,5.2,8.3,26,11,7
Scottie Barnes,2026-01-20,GSW,19.0,5.2,8.3,26,11,7
Simone Fontecchio,2026-01-20,SAC,7.8,1.4,2.8,15,0,7
Spencer Jones,2026-01-20,LAL,5.7,0.9,2.9,16,0,5
Stephen Curry,2026-01-20,TOR,26.8,4.9,3.8,16,3,3
Stephon Castle,2026-01-20,HOU,17.1,7.4,5.0,13,8,7
Svi Mykhailiuk,2026-01-20,MIN,9.6,2.0,2.6,4,0,3
Tari Eason,2026-01-20,SA,12.4,1.6,6.6,6,1,6
Tari Eason,2026-01-20,SAS,12.3,1.6,6.6,6,1,6
Tim Hardaway Jr.,2026-01-20,LAL,13.9,1.3,2.4,10,2,2
Tre Jones,2026-01-20,LAC,12.1,5.7,2.9,15,10,8
Tyrese Maxey,2026-01-20,PHO,29.8,6.3,4.4,20,7,2
Tyrese Maxey,2026-01-20,PHX,30.3,6.3,4.4,20,7,2
VJ Edgecombe,2026-01-20,PHO,16.2,4.0,5.3,25,1,7
VJ Edgecombe,2026-01-20,PHX,16.1,4.1,5.3,25,1,7
Victor Wembanyama,2026-01-20,HOU,24.7,2.8,10.7,14,2,10
Will Richard,2026-01-20,TOR,7.4,1.2,2.6,0,1,0
Zach LaVine,2026-01-20,MIA,19.4,2.2,3.0,18,5,1
Zeke Nnaji,2026-01-20,LAL,4.2,0.5,2.5,6,0,3
