player_name,keeper_id,ids,best_score
A.J. Lawson,1630639,7880;1630639;UNKNOWN;7660;GHOST;9815,12
AJ Green,28728852047,28728852047;10815;32234;4435;9911;1797;UNKNOWN;10063;GHOST;4231;9165;2321;31959;8579;5893;808;3405;3147;2906;374;4992;10347;7364;1631260;1577;1277;4101;6306;149;5307;6126;5655;7060;3619;6591;2143;9464;32682,11
AJ Johnson,1642358,1571;UNKNOWN;2726;2160;9366;1642358;10822;1840;32161;784;10309;8591;947040385789;9781;2526;113;7491;6034;32804;31910;32571;4312,11
Aaron Gordon,203932,2698;3885;3610;4583;32307;2253;1455;2955;UNKNOWN;GHOST;346;32886;1771;5133;1174;4265;203932;28978111729;716,11
Aaron Holiday,28598307499,32484;9649;10046;1024;UNKNOWN;7006;2222;7465;9758;GHOST;32100;8874;8623;28598307499;8429;10415;4800;32698;5743;1628988;7601;31743;4067;6412;2582;1903;6008;4367;5136;3749;6728;7954,11
Aaron Nesmith,28458892047,3583;UNKNOWN;10089;GHOST;32220;1436;329;31860;28458892047;2126;1630174;10433;841;3942;10704;697;1874;32622;32902;1636;3109;2575,11
Aaron Wiggins,28288809047,32350;UNKNOWN;GHOST;10197;8595;1566;9693;7746;7894;10478;32839;1246;28288809047;6485;10804;2669;318;2446;8177;32287;632;6;9664;1940;6887;31801;1630598;7451;1092,11
Ace Bailey,1642846,6178;9057;32829;948843331189;5708;1974;2838;UNKNOWN;8411;1642846;GHOST;1726;3950;1406;5503;3580;1079;8083;5166;6416;7246;8692;7168;9271;9955;2197;7749;9577;6732;4415;507;3441;2462;193;4707,11
Adem Bona,1641737,3245;958;32156;1641737;2484;UNKNOWN;31779;8890;GHOST;10559;4009;10189;7123;2354;3013;293;6135;947747521869;32454;32822;6500;8814;3554;741;1220;9874;1652;7396;9394;1987;6786,11
Adou Thiero,1642876,6753;9759;4235;1642876;9053;5809;10294;6558;7929;7739;7230;UNKNOWN;10626;4693;7145;GHOST;8730;9563,11
Ajay Mitchell,1642349,2670;32827;1555;9297;UNKNOWN;1936;5929;GHOST;6890;4198;8592;628;7758;5521;31787;3559;8189;7454;1642349;4864;10838;3837;1275;32333;1089;3193;5167;2442;4602;6479;27;10188;942949535539;10481;314;32274;7907;8851;6143;2947,11
Al Horford,201143,9717;28556362792;5185;32693;4607;31804;UNKNOWN;7137;GHOST;3272;201143;1868;32417;353;10652;2638;1582;10200;4334;1284;3779;4141;26,12
Alex Caruso,1627936,10830;32286;UNKNOWN;7883;9;GHOST;3832;10193;4189;3534;4853;5140;3180;8854;8180;9699;31800;6138;1253;28868008399;5482;1617;10532;5946;2937;1627936;1954;2444;9584;8608,11
Alex Sarr,1642259,1837;2240;5761;3343;UNKNOWN;927;GHOST;32164;32807;116;4319;501;1642259;9355;1211;10250;2981;2530;8981;32575;31914;6027;8580;949541715989;3760;2728;10811;1614;9823;10339;5290,11
Alijah Martin,1642918,7854;7661;1642918;94694296527;UNKNOWN;GHOST;32138,10
Alperen Sengun,1630578,9736;7986;9192;13;2236;6003;UNKNOWN;8872;GHOST;7007;9628;3746;479;32111;8653;5157;6742;8459;940649430339;31757;4359;1021;4072;1630578;6418;2810;4801;3159;1908;1353;5693;2579,11
Amari Williams,1642873,94464915527;458;1642873;5836;1900;UNKNOWN;6850;7203;GHOST;6444,11
Amen Thompson,948047414489,9751;1350;32493;11;3158;2574;7982;UNKNOWN;1882;GHOST;2231;10127;948047414489;32706;7598;4360;6409;7009;2807;4794;31758;1017;9185;1641708;5698;8643;5169;8426;8877;6005;477;9652;7369;32112;6727;10439;4071;3759,11
Amir Coffey,1629599,4224;154;1803;UNKNOWN;2147;811;3157;GHOST;377;3673;9456;7939;1629599;2329;9897;1254;6320;28138596399;7536;5654;7340;5312;2868;1585;8251;3417,11
Andre Drummond,203083,4486;6781;2474;3020;7136;1649;UNKNOWN;307;963;GHOST;4745;31772;8844;3240;9383;10195;5797;8911;3528;32812;6020;9883;1227;4994;8274;7740;5380;7425;3996;203083;28668759882;6501;2016;689;8060,11
Andre Jackson Jr.,1641748,5342;UNKNOWN;GHOST;9894;9446;7937;8247;148;3674;5646;2323;807;6311;94544296527;1641748;7560;7342;4227;4091,11
Andrew Nembhard,1629614,6280;4741;6630;1629614;10522;94174482047;9853;3267;10700;UNKNOWN;3118;GHOST;8540;8085;8362;5010;31852;7777;32212;5559;5880;7433;9484;4220;4483;3575;6952;10073;32616;331;3961;9207;8944,11
Andrew Wiggins,203952,443;9128;1612;3091;4799;UNKNOWN;203952;GHOST;31686;32560;91;2091;9809;5876;7570;10383;3701;3391;4005;32251;8375;8557;9400;2910;7848;2617;1240;7078;32015;4510;7242;824;28258111729;2302;10111;6663;6337,11
Anfernee Simons,28468846789,298;8388;8793;2750;5023;8895;6819;UNKNOWN;2190;1645;10302;3724;4281;GHOST;5387;32876;3553;767;7956;7206;6450;7652;10593;3223;4653;28468846789;1905;32059;32466;6252;31728;9219;5842;7092;466;1375;1629014;9834;2536;1065,11
Anthony Black,1641710,32587;1541;32730;8664;10359;31906;10011;7236;7853;4358;1641710;4925;UNKNOWN;638;GHOST;1337;4615;968;8172;367;949540311869;10699;9618;5424;1846;3984;50;5232;3301;9844;3696;9054;6674;2752;2383;3337;32225;7635;6075;5775;6960;9318,11
Anthony Davis,203076,6723;UNKNOWN;1467;6205;1109;7441;203076;9239;9733;285;31780;8900;492;32928;8107;9498;8662;32115;28368759882;883;7614;7075;32537,11
Anthony Edwards,94344202027,9574;32563;3429;32943;5915;7190;94344202027;UNKNOWN;10468;GHOST;2559;4556;9157;32181;1630162;267;7813;5116;2859;10685;4841;6833;8847;6239;6513;849;4256;4033;549;10101;9776;5747;3298;7584;32020,11
Anthony Gill,1630264,10311;32805;792;8604;32176;1630264;9363;28358980482;6772;9162;2732;1830;7492;UNKNOWN;7096;2209;122;5057,11
Antonio Reeves,1641810,4111;1641810;4191;7316;6671;6999;UNKNOWN;GHOST;7681,11
Ariel Hukporti,1630574,10462;797;9517;32376;8527;4006;UNKNOWN;5597;GHOST;60;32770;9676;940149561339;3644;5239;3204;7859;7290;7631;6974;10771;6428;32149;2205;31833;1630574;5847;2514;1264,12
Asa Newell,941141681189,8265;1620;9486;3032;8530;UNKNOWN;10455;GHOST;2380;10692;5750;5414;9092;4396;7500;6990;32130;941141681189;10139;5253;32790;4661;31838;8026;383;1642854;656;3940;8774;3848;6506;9804,11
Ausar Thompson,1641709,9350;7090;2775;9660;1641709;8045;8950;UNKNOWN;GHOST;32361;5286;32745;6078;940047414489;3238;1325;2454;6339;7526;624;102;9942;8680;6646;32326;1910;856;2284;7363;4637;8386;5555;5824;10598;10263;947;31690,11
Austin Reaves,1630559,6219;3830;1511;UNKNOWN;GHOST;7744;5804;9742;558;7222;1145;888;4229;6746;1630559;1717;2098;3304;4690;4080;6559;36;7172;5508;9573;7922,11
Ayo Dosunmu,1630245,10746;6282;32735;UNKNOWN;4895;4580;GHOST;166;1399;4421;6057;7032;32032;1630245;3077;5280;8835;10513;9084;9871;1036;31890;10087;1697;3648;6685;94814419047;7727;9460;32460;3482;5081;649;5683;2896,11
Bam Adebayo,1628389,1628389;8820;2622;2310;5602;5872;UNKNOWN;9418;GHOST;442;10384;32031;31700;7074;6638;32567;1606;28348550069;7239;8367;8552;2096;7850;1239;5368;89;4795;9120;32269;7575;5088;822;6333,11
Baylor Scheierman,1631248,10588;2201;9238;UNKNOWN;1631248;GHOST;10307;1057;7942;31723;1369;6253;32458;8770;7214;761;32051;8400;5415;461;94244482027;5834;32869;2522;6455;7647;4275;4630;9841;7100;1891;3706;5045;1641;6827;8892,11
Ben Saraf,1642879,6681;6316;7487;426;1005;1344;70;1642879;UNKNOWN;7169;7038;3519;930;2128,11
Ben Sheppard,94644282027,3263;3096;6025;32207;1632;UNKNOWN;32889;GHOST;31848;6279;692;4205;1431;3573;5904;94644282027;836;10708;32612;1879;5556;3949;4458;2477;1641767;324;2119;6931;4756;5013;6628,11
Bennedict Mathurin,1631097,7395;31853;9481;UNKNOWN;4478;1631097;8086;8942;10703;94574916527;9218;694;6958;6030;6288;8517;5900;9837;10420;8209;6625;10088;5201;7778;326;5587;4740,11
Bilal Coulibaly,947740472289,31927;32821;UNKNOWN;10236;1616;GHOST;2547;32186;947740472289;9822;2167;4317;4842;32588;1641731;10341;6785;1854;10816;6704;8634;5756;5067;5276;6062;9362,11
Bismack Biyombo,202687,6522;9540;28398922762;202687;1190;8581;747;232;1593;7264;4293;32656;UNKNOWN;2072,12
Blake Wesley,1631104,1424;899;247;1631104;1786;1126;533,10
Bobby Portis,1626171,158;UNKNOWN;GHOST;5652;4995;32235;1626171;2151;6307;7088;7435;4241;10806;28048167429;5879;814;10106;5305;8599;9156;4440;1591;7972;2909;9892;3404;2333;9440;1268;8249;3145;381;4100;10343;3689;7512;1919;32683;6115;31960;6601,11
Bobi Klintman,1641752,3356;4013;1641752;945;3248;GHOST;2774;3647,11
Bogdan Bogdanović,203992,892;3886;UNKNOWN;7955;2718;GHOST;4127;2445;9968;4459;4926;9049;4424;1295;8456;203992;9621;8582;7589,12
Bones Hyland,1630538,8124;8495;1630538;10452;10116;1170;UNKNOWN;3295;94684499027;GHOST;847;547;1819;4553;1493;2141;4028;2857;9138;32173;32948;6531;9779;4824;32557;265;8310;2516;8858;10690;9510;7809;32029,11
Bradley Beal,203078,1787;600;2306;2700;3136;212;203078,10
Branden Carlson,28748872027,9292;32331;7888;UNKNOWN;GHOST;6874;627;7764;4833;4183;313;2427;8587;32824;9536;7458;28748872027;1956;9689;32270;10802;4587;31784;1642382;1568;2655;10507;10182;3841;5477;1260;5155,11
Brandin Podziemski,1641764,32075;4335;1151;2413;9734;5980;33;UNKNOWN;32676;GHOST;345;8717;2922;1300;9319;7514;10666;4789;8995;1641764;3269;1880;7128;10212;567;6363;8348;6885;8133;31785;7719;2637;10399;4625;3781;1613;5171;3542;5707;32403;945547765539;4136,12
Brandon Clarke,1629634,8983;1629634;UNKNOWN;8498,10
Brandon Ingram,1627742,1627742;28748519499;10373;6804;2325;364;10782;UNKNOWN;7333;GHOST;9439;3509;3010;6263;32126;4747;5459;8891;4210;8614;1318;6441;147;992;2766;3910;4530;5548;7148;5064;869;10202;32428;1661;9109;7650;9810;8385;1978;7870;32639;5881,11
Brandon Miller,1641706,9246;1641706;288;8219;32901;8962;32044;670;7678;UNKNOWN;GHOST;10334;8145;5213;9369;32347;7298;9836;947049801869;6023;8615;6266;5848;10655;31962,11
Brandon Williams,28428819047,279;3408;32108;8665;7456;9244;2877;UNKNOWN;28428819047;5101;6395;GHOST;2230;10555;8898;2592;6226;4131;1928;7604;8106;4547;4876;487;32921;6708;5605;2997;4380;9505;3802;1461;31774;1630314;7081;9724;32530;5320,11
Brice Sensabaugh,1641729,4700;1082;8710;9266;32914;10581;UNKNOWN;GHOST;1966;7150;5511;6739;31703;10133;1734;8417;32382;5149;1641729;8091;949747621869;6411;9591;1411;2844;4420;7276;3931;510;2466;6157;7759;9058;32076;3436;197;3593;9945;5709;32825,11
Bronny James,1642355,3839;5800;2264;9735;UNKNOWN;10611;32670;GHOST;9564;2095;1140;554;4702;1642355;6761;1522;7920;4237;2688;10295;946740307989;7226;3021,11
Brook Lopez,28006619932,32406;1755;9980;5458;UNKNOWN;9041;8598;GHOST;28006619932;9630;201572;7586;3479;5206;32764;31704;2714;581;7987;4476;903;2303;32056;4929;10640;1305;4271;2449;3138;4128;10277;216;3873,11
Brooks Barnhizer,1642964,1935;UNKNOWN;GHOST;9543;7450;1;2640;4585;993;311;9687;7753;3563;1642964;5472;1270;625;3191;4812;4185;2938;944649935539;3844;9295,11
Bruce Brown,1628971,7993;2635;1628971;1178;28328326789;7684;UNKNOWN;5660;8669;GHOST;32872;714;1779;7325;3890;8878;6373;1452;10017;6707;3614;5148;6180;6947;9765;31807;32444;8425;4582;9273;10372;9599;3106;2920;351;10798;32292;4813;2250;4260;5359,11
Bryce McGowens,1631121,3427;4589;7481;1475;32797;1631121;5627;31945;UNKNOWN;5258;GHOST;9409;4347;10008;7962;1934;6829;941949065539;7830;9917;5913;6561;7199;8283;6372;32264;1049;8620,12
Bub Carrington,1642267,8056;1855;4836;1210;6040;7497;UNKNOWN;9371;GHOST;10321;8204;2727;2980;3339;2195;8969;10823;5061;1642267;5313;10245;786;5767;6585;115;3764;9155;2548;1564;475;8616;6780;7091;9799;4324,12
Buddy Hield,1627741,4613;3255;2932;574;3538;UNKNOWN;GHOST;5184;6347;2646;4148;7553;2403;4339;3784;4806;1297;8358;9305;28038998249;31789;1158;1599;1859;7709;7130;10214;19;1627741;336;6010;8727;8125;5704;6884;10401,12
CJ McCollum,203468,3346;4854;8055;124;203468;9803;6784;9386;28168235349;UNKNOWN;4311;GHOST;6016;2987;2974;9168;794;7501;5294;8594;10808;2525;1558;3765;5759;32585;10313;8212;1216;6605;7107;10254;5048;31925;32185;505;8967;2173;1848,12
Cade Cunningham,1630595,9637;5560;8958;3338;6098;UNKNOWN;10267;5835;GHOST;1630595;7531;6329;755;469;1326;10602;2777;4664;6661;9944;104;94804285527;32372;9335;1917;3234;7049;8058;5289;32319;31687;8666;2456;8393;949;2285;7405,11
Caleb Houstan,1631216,1631216;5252;3036;659;940247765539;2381;4659;3847;UNKNOWN;6991;GHOST;1623;32117,11
Caleb Love,1631126,7959;9969;4735;4062;32713;9316;UNKNOWN;6899;1423;GHOST;4376;8351;32398;5642;6478;7701;5466;7413;9611;1631126;8757;10813;94684255527;9002;5964;32009;6798;2274;10301;1125;5178;10557;4904;31946,11
Caleb Martin,1628997,2613;9243;2215;5106;UNKNOWN;32110;4129;6385;GHOST;1911;1628997;7073;9497;7602;1031;2881;9999;880;1464;28288139129;4394;9728;282;5336;32532;3801;6201;32923;6718;10547;3403;4551;31776;7455;5620,11
Cam Christie,949841097989,1296;UNKNOWN;32061;GHOST;3475;9962;31708;206;4491;949841097989;7338;1642353;582;2719;10615;3871;6980;8453;5416;5219;4938;2433;3139;32769;6634;5812;9653,11
Cam Spencer,1642285,1195;5910;1518;32190;9299;3694;1642285;2584;UNKNOWN;32506;GHOST;3505;398;5338;129;8974;8078;2903;4681;7695;9583;1716;4157;677;9898;31873;10251;10561;4954;6231;3179;6541;5650;32849;94394419027;7317;2276;8457;6845;1972,11
Cam Thomas,1630560,934;31746;1977;590;1011;2157;32717;10065;76;2502;10391;UNKNOWN;32294;1630560;GHOST;94514265527;1394,11
Cam Whitmore,1641715,2982;5071;5773;UNKNOWN;788;3768;6659;1856;1641715;1570;118;2730;502;6051;2534;5309;3345;2174;4851;6783;1212;4306;7103,11
Cameron Johnson,1629661,8884;6946;5643;1629661;2624;1450;8672;UNKNOWN;5137;8428;3602;4820;7680;711;335;6359;2925;1167;4569;1748;3097;5360;7301;8003;9492;9262;2246;6714;3882;6197,11
Caris LeVert,1627747,3237;9320;1627747;5594;28838048249;UNKNOWN;10257;GHOST;6106;8384;6593;7420;109;9958;2782;7062;9635;3636;8044;8954;7529;2461;32755;5832;4003;8703;1924;2212;4477;5302;1330,11
Carlton Carrington,942241927989,32815;31921;32183;942241927989;32581,12
Carter Bryant,1642868,10159;408;6183;947241811189;8764;UNKNOWN;GHOST;9545;6530;5956;31849;1642868;3364;4972;7257;9700;2084;10765;6847;7829;744;4683;6937;31996;32503;32651;8575;219;1191;4289;10467;3052;5519,12
Cason Wallace,1641717,1641717;6882;6469;3532;UNKNOWN;1090;GHOST;3831;946247671869;5471;5918;4192;32835;3178;8612;7460;3;1242;7902;4858;8186;10839;32282;9690;9663;9296;31794;629;32345;1562;10192;6137;7755;2929;5168;1943;2671;10514;4596;2430;8848,11
Cedric Coward,1642907,3183;1642907;6233;4682;32189;31872;7371;8081;UNKNOWN;GHOST;8977;1194;4973;10252;3493;127;5923;8505;2577;9906;2289;5638;6863;7699;9287;1517;4186;396;2012;8438;943947511869;1710;2827;675;6542;10565;3671;5319,11
Charles Bassey,1629646,2281;1629646;2588,11
Chaz Lanier,1642404,5272;943;32737;4469;3355;UNKNOWN;2772;GHOST;1642404;10641;4651;3987;94024206527;32357;3651;1324;1909;468;753;7534,11
Chet Holmgren,940949535539,8574;31796;9527;317;5154;8859;UNKNOWN;708;32284;940949535539;GHOST;2931;4215;7906;3168;32836;5;4860;3845;5481;10183;5931;10537;8194;32346;6487;6147;4598;6892;2443;1631096;9692;10840;7756;7443;1091;3527,11
Chris Boucher,1628449,467;768;2196;1066;3666;1890;5475;305;GHOST;1628449,11
Chris Livingston,1641753,1641753;7243;6608;5551;UNKNOWN,11
Chris Manon,948742035539,32662;948742035539,11
Chris Mañon,1643024,1139;1643024;925;9549;GHOST,12
Chris Paul,101108,217;101108;4924;6654;5224;6215;1785;1288;914;2300;2708;2447;5822;UNKNOWN;592;6383;5431;4464,12
Chris Youngblood,1642959,626;9688;2944;4592;1642959;UNKNOWN;1565;GHOST;7762;4811;7453;7897;994;31792;5465;2428;2;9294;1951;1248;312;10181;3547;3196;10803;32342;9548;94204996527;3826;5138,11
Christian Braun,1631128,32295;339;1447;3609;1631128;718;2940;1759;32873;3115;UNKNOWN;3883;2620;2241;94534209027;1164,11
Christian Koloko,1631132,1631132;10247;9594;9899;32500;557;32187;10571;1144;31870;UNKNOWN;9286;94454426027;32845,11
Chucky Hepburn,1642935,1642935;7872;6453;UNKNOWN,10
Clint Capela,203991,7968;3146;4776;7616;7010;UNKNOWN;1321;3747;GHOST;203991;9626;2234;5699;5132;5984;10158;9747;10453;32099;8432;28218011729;15;6425;2813;444;32697;1025;1892;7397;2571;9181;6738;32483;8625;4075,11
Coby White,1629632,6013;1629632;UNKNOWN;GHOST;8478;5314;32461;9082;4900;7377;10081;8834;5670;10450;94704402047;7712;8282;4426;8156;9489;9886,11
Cody Martin,1628998,2487;3262;3098;1628998;3592,12
Cody Williams,945840277989,2842;1992;8410;3591;5509;10143;UNKNOWN;1409;GHOST;31707;7147;1744;10580;4698;945840277989;1642262;32079;32384;9024;9590;4410;7751;32828;32917;3954;9267;5139;196,11
Colby Jones,1641732,1641732;946,11
Cole Anthony,1630175,9442;6579;2890;2334;UNKNOWN;5299;1806;GHOST;1241;376;4450;7535;4109;152;2146;5684;3657;8241;1589;9904;1630175;6319;4243;3151;3406;6116;94744479027;5884;4997;7951;7345,11
Collin Gillespie,1631221,604;3129;3432;9936;3944;4406;7887;8987;720;10738;32851;UNKNOWN;6765;5490;31974;GHOST;2724;10344;7796;6375;3799;4728;10029;28498807869;32276;8331;1192;9575;1746;6153;255;7406;5117;2073;1631221;2419;5967;1486;32487;5748;8734,12
Collin Murray-Boyles,1642867,3521;1999;5533;9444;UNKNOWN;3000;2338;GHOST;1642867;6439;6267;8914;32134;858;7862;32645;986;8368;4517;2783;10528;1310;7315;10779;5895;5461;1674;4213;8638;7659;7162;9108;32436;943441227989;6800,11
Collin Sexton,1629012,4107;1629012;779;32352;1549;UNKNOWN;6996;2376;GHOST;10331;672;3325;4178;4771;3687;6259;9861;5859;32048;2005;9385;1206;47;1813;28118882869;4509;32909;5211;6651;31965;5531;6042;32648;10664,11
Cooper Flagg,1642843,2229;9990;7457;8415;4126;4541;UNKNOWN;32929;1642843;GHOST;32538;274;6710;9255;1106;7610;1929;5323;8096;3398;8889;32116;10548;940743131189;9494;6208;8656;7068;2595;5094;2996;4372;5616;874;3797;6390;2875;482;1458;9721;31782,11
Corey Kispert,1630557,5281;UNKNOWN;5771;503;GHOST;28048809869;1213;9356;2976;3351;1630557;32182;2984;3780;789;1561;4846;119;2529;5058;4330;1841;2166,12
Craig Porter Jr.,1641854,3714;3396;6446;8472;32321;7300;10483;1641854;UNKNOWN;8227;GHOST;6898;3084;9197;32937;4163;1662;32618;9408;7523;8046;31812;976;94;2030;826;5034;3915;2739;1357;10155;4448;6618;2485;94294405527;4784;10718;499,11
Curtis Jones,1642938,32442;1642938;9506;6350;UNKNOWN;6935;946642835539;10356,11
D'Angelo Russell,1626156,8916;2882;1912;UNKNOWN;3409;GHOST;881;4115;7445;2603;6705;8687;4892;4548;2218;7083;4392;7612;1465;3805;10001;5609;2993;28478359129;490;283;9507;1626156;1032,11
DaRon Holmes II,1641747,1163;10370;32455;731;32308;31822;1641747;UNKNOWN;32887;GHOST;10786;948949135539,11
Daeqwon Plowden,1631342,1631342;3864,10
Dalen Terry,1631207,32478;8466;UNKNOWN;GHOST;164;2886;4579;2365;32049;647;2033;4907;7027;10424;1631207;10740;8150;94954916527;3685;3368;32756;5082;7366;8305;31907;7717,11
Dalton Knecht,1642261,555;8700;4041;UNKNOWN;32205;2104;GHOST;10620;1515;4247;5808;1712;7225;3828;9553;1642261;6752;911;9039;4701;6570;31888;32609;1141;3309;942342335539;10293;2269;3022;2681;9739;7144;7930;32658,11
Daniel Gafford,28248649869,28248649869;5188;8655;5332;1925;9718;10541;UNKNOWN;2879;4877;31765;32912;GHOST;32522;8422;4373;5680;9502;9996;4119;3411;9247;7084;3811;6222;8915;32096;2593;2233;2992;1629655,11
Daniss Jenkins,94974272027,4022;9341;3481;941;5838;7530;UNKNOWN;GHOST;10603;94974272027;3663;5295;7350;5564;6588;6340;391;8397;32363;6068;1642450;752;10260;4639;8047;32747;8965;9959;32327;7053;8671;1323;2771;4474,11
Danny Wolf,1642874,7165;UNKNOWN;6313;GHOST;10388;32716;2129;8551;32293;7033;4627;31911;1642874;31745;6693;9116;946840511869;9413;3522;8250;8112;6077;10104;7486,11
Dario Šarić,203967,915;203967;239;8750;UNKNOWN;9014;522,12
Darius Garland,94174479047,31809;32611;UNKNOWN;94174479047;9259;GHOST;10733;32313;9679;8476;10476;8838;6071;2743;8231;6451;5015;9416;7551;32931;10043;8057;2483;3394;1629636;6897;5400,11
David Jones,941742772339,941742772339;32668,11
David Jones Garcia,1642357,4958;6848;6526;7282;5520;2068;1184;222;6918;UNKNOWN;1642357;4684;GHOST,12
Davion Mitchell,28928649869,31696;28928649869;619;3144;5606;4513;7231;8391;UNKNOWN;3719;1630558;GHOST;1600;4805;7069;5076;32565;9790;10121;4019;5875;2872;2616;871;5367;6667;2308;2090;32259;3388;88;6327;32025;1238;7837;9136;10362;9398;8635,11
Day'Ron Sharpe,1630549,31915;3983;9110;3171;31749;10412;7483;4657;6133;UNKNOWN;10094;GHOST;8243;5588;5444;1630549;751;94924235527;4309;7035;2490;2161;9411;1443;1012;8550;7170;430;77;6304;2026;32721;2802;5027;6672;8097;32298,11
De'Aaron Fox,1628368,3378;7921;8597;3818;28828541179;UNKNOWN;8797;9175;6156;GHOST;9532;10776;4673;32661;9711;5995;31998;1628368;6955;31854;5526;4156;6858;10466;4298;6521;32508;3042;8179;7303;4957;7822,12
De'Andre Hunter,1629631,1361;1663;32939;UNKNOWN;3079;5447;GHOST;3912;2043;7522;6456;830;6615;7087;32619;8027;31815;3380;8823;9429;7274;4167;4446;2744;10041;4783;9215;1629631;28208536399;9669;3717;8224;8475;32323;981;6091;10510;5012,11
De'Anthony Melton,1629001,10408;7724;28048636399;9716;8994;1629001;10661;32411;8127;8359;7129;UNKNOWN;32085;8725;32686;GHOST;9309,12
DeAndre Jordan,201599,1055;201599;1482,11
DeMar DeRozan,28416891632,1278;7012;28416891632;1525;8285;UNKNOWN;4040;7791;GHOST;7994;3603;9006;9986;31982;525;6166;8747;900;4304;2967;2259;32529;5745;4834;10299;5951;1921;201942;2653;5345;3292;4952;6535;31731;3856;32237;287;9187;10617;7559;9644,11
Dean Wade,1629731,980;8486;3911;829;4438;UNKNOWN;1676;GHOST;453;5385;4158;10470;6435;7517;9407;2499;1629731;8225;8052;8839;28178359499;10044;6909;7293;10737;3381;9673;32624;2059;3088;6088;6614;4807;5011;3729;9224;1360;97,11
Deandre Ayton,28288682869,3028;1721;3303;8361;7211;32604;UNKNOWN;GHOST;9556;4034;4724;10606;3827;7156;34;4230;2677;10286;562;28288682869;2260;9757;31886;1528;32672;32203;6206;1629028;5517;906;7924;1147;7765;6565;6747,11
Deni Avdija,1630166,902;1128;9035;3332;7770;10304;UNKNOWN;9338;GHOST;6908;2667;1768;32700;1426;7952;5474;1630166;32383;249;535;94014298027;5645;8353;9981;10834;4043;4885;6799;4381;10540;3773;7385;5192;9602;6573;31933;2272;31997;5993;4719;3067;8740,11
Dennis Schroder,28948755349,32232;31979;28948755349;32527;UNKNOWN;31726,12
Dennis Schröder,203471,2247;9011;1393;8307;9983;1258;UNKNOWN;GHOST;3281;3849;896;9193;3608;8753;5726;524;4977;241;1799;4823;4151;203471;2949;2643;4303;10633;9656;10290;5358,12
Dereck Lively II,1641726,1641726;4896;4130;483;275;875;5105;UNKNOWN;4397;GHOST,11
Derik Queen,1642852,9927;5268;7836;4603;6564;8364;32592;UNKNOWN;2598;4917;GHOST;7985;1470;5666;10035;6860;3053;7189;6345;9260;445;173;4088;947640281189;4348;9395;8930;7488;1642852;5917;32782;3777;1952;2375;8644;10745;1766;10534;32249;3455;1044;5097,12
Derrick Jones Jr.,1627884,209;610;UNKNOWN;898;GHOST;2707;10636;28158545399;10274;4423;4116;32071;1757;1627884;3465;1292;3877;2436;3140;2299;31719,11
Derrick White,1628401,1376;7111;8772;32888;6849;10594;4641;5448;UNKNOWN;GHOST;1644;8365;7933;885;2186;7204;8899;4274;2759;302;7663;2546;9854;1628401;3535;3213;10306;1067;621;5039;28478050069;6240;5844;3723;32073;9220;31740;32479;1887,11
Desmond Bane,1630217,8166;7240;4363;6085;1104;3328;3691;32578;10392;1441;UNKNOWN;9307;32723;GHOST;641;6900;2391;5248;5403;7838;32216;3978;31898;9613;4612;5777;2736;10705;1630217;28328616399;6688;1838;8739;3211;310;9846;7633;10031;9019;539;1537;4923,11
Devin Booker,1626164,611;32486;10726;6149;4718;9566;UNKNOWN;3935;GHOST;2077;5498;2705;4377;28898319129;719;9064;1626164;5979;31973;5749;6749;32275;5196;9925;3127;2402;262;8723;1103;3425;10013;1498;6376;10330;8326;1788;3809;32850,12
Devin Carter,1642269,891;2946;31970;3291;8011;10605;3858;1243;UNKNOWN;1642269;1523;948349165539;2256;2656,11
Devin Vassell,1630170,1001;6532;411;929;227;6853;8610;4295;7266;UNKNOWN;5487;GHOST;10132;9707;5987;1596;1630170;6159;8193;6907;7927;10460;7826;9166;3821;4669;9538;3080;2691;8765;2074;4941;4134;3363;2791,12
Dillon Brooks,1628415,32499;3435;3948;UNKNOWN;GHOST;5197;7884;3128;5737;3792;6361;7806;8989;9569;8707;599;10323;4430;1628415;28468335129;6146;4723;31991;10004;726;6759;7466;5978;9923;32868;8323;5522;260;32290;10724,12
Dom Barlow,948647045669,31773;32814;948647045669;32152;32450,12
Domantas Sabonis,1627734,4302;2244;1244;3866;3606;1795;3288;521;1627734;897;UNKNOWN;1391;4036;28118309129;GHOST,11
Dominick Barlow,1631230,5776;10568;686;9890;4996;UNKNOWN;7735;8811;GHOST;4485;6134;294;1631230;4000;10184;8270;8033;6505;5363;6777;7409;8912;7132;4742,12
Donovan Clingan,1642270,10550;9976;1642270;4893;5478;5186;8340;UNKNOWN;8741;924;GHOST;9042;2696;244;3756;3073;5679;5997;7086;10227;6867;1782;4073;9344;4384;32395;3318;32710;10826;944340671869;1419;4731;9616;528;2268;1119;31941;32006,11
Donovan Mitchell,1628378,6083;2476;8220;4781;10469;31814;UNKNOWN;GHOST;10156;5538;9221;9684;6914;1628378;4453;4176;1364;3379;7552;5110;3909;6438;8473;6620;10721;832;7270;3060;8051;9431;5460;32322;218;2972;32938;28438359069;455;2028;984,11
Donte DiVincenzo,28828517499,1809;4859;32170;5121;4251;UNKNOWN;2861;8501;GHOST;5739;32946;550;4061;6515;851;2552;5937;3452;7592;9139;28828517499;8287;6813;32553;4543;1488;3289;8853;1172;7805;32028;10686;1628978;9771;10457;10070;7192;2162;269;8136;6249;9562,11
Dorian Finney-Smith,1627827,32113;32494;32707;10047;31759;9760;1627827;10425;UNKNOWN;28748746099;GHOST,11
Doug McDermott,203926,28508911729;10619;3862;203926;31986;UNKNOWN;9992;7996;32533;10298,11
Drake Powell,1642962,2795;4325;32310;UNKNOWN;5572;3300;3511;GHOST;5031;8564;1642962;7037;8244;3982;6299;941541381189;31762;10398;4636;6080;7477;32733;1985;31929;69;5452;10084;8095;6691,11
Draymond Green,203110,2943;10211;4140;UNKNOWN;10410;GHOST;341;22;5176;8992;1869;1159;3254;8705;28988459882;5998;4342;10663;1579;9323;575;32689;203110;6876;32088;9722;7119;32415;6377;4622;2450;3544;1283;3816;8352,12
Drew Eubanks,28658558247,3865;2660;237;519;UNKNOWN;GHOST;4857;4963;3600;6192;1266;7782;10609;31730;3283;28658558247;5731;2258;7561;1389;32233;2963;7019;890;4047;6538;8007;31981;1804;5988;1629234;5355;4300,11
Drew Peterson,1641809,4514;1641809;5462;5221;8142;4749;UNKNOWN;8237,12
Drew Timme,1631166,5811;94254432027;1631166;10279;32659;UNKNOWN;GHOST;7223,11
Dru Smith,1630696,5373;8380;821;31694;10385;1630696;32023;8766;1237;87;8549;9793;UNKNOWN;441;32550;GHOST;9430;6636;3709;7241;5891;7076;32256;2626;2291;4533;5083;7844;4804;10074;1603;9126;6324;3083;3989;5622;2905;3392;28508546399;2103;7572,11
Duncan Robinson,1629130,8069;8392;3243;7549;32325;3340;1629130;1329;UNKNOWN;GHOST;6084;758;9340;3646;9070;7373;10643;4633;953;10262;4494;5598;8676;6335;31689;3995;32360;5827;32744;472;2460;5277;2781;1931;108;9631;9940;28688014329;2224,11
Duop Reath,1641871,4726;1120;9327;3733;10814;2663;UNKNOWN;5473;GHOST;5948;4908;9961;7418;5651;1420;4039;9010;3319;8752;529;5183;7984;3082;32400;7689;6477;1781;6903;1641871;9604;28648396399,11
Dwight Powell,203939,7461;1466;2994;4546;UNKNOWN;7608;GHOST;8418;6400;8100;2608;6709;882;5618;5321;7077;1926;491;3812;28818211729;10556;3419;203939;2883;9993;284;6203;2213,11
Dylan Cardwell,1642928,10288;32536;94644216527;8759;10000;233;887;1796;9037;UNKNOWN;1642928;9191;GHOST;9666,11
Dylan Harper,1642844,10506;31856;745;998;UNKNOWN;10126;7281;GHOST;943243251189;8799;7823;220;5977;6836;6510;8181;6190;9151;1610;32511;2067;32665;10764;1642844;6911;7926;8652;409;9701;31999;9544,12
Dyson Daniels,1630700,7244;10684;186;8034;32789;9794;UNKNOWN;3466;GHOST;10536;4665;2818;4966;2397;1380;4399;1630700;386;10167;8810;32129;31837;3928;8318;5267;6594;940747982639;32431;3895;1627;5429;1072;6086;9077;3038;7041;7496;662;2031;5764;8535;6498,11
E.J. Liddell,1630604,5569;3225;1630604;1009;2132;4316;31912;UNKNOWN;94424452027;6318;2800,11
Egor Demin,949143631189,32299;949143631189;UNKNOWN;32722;31916,12
Egor Dëmin,1642856,9384;2796;933;7036;10403;7140;4648;9111;6644;4308;UNKNOWN;GHOST;3595;3228;8104;5041;1642856;3973;6064;2163;427;2497;8554;1345;5586;71;7482;10077;8253;5433;1995,12
Elijah Harkless,1641989,2207;1410;4696;2465;2843;1641989;1739;GHOST;3571,12
Emanuel Miller,1641801,7024;1641801;6295;6679;UNKNOWN;7376;7707,11
Eric Gordon,201569,964;3241;6771;1228;UNKNOWN;5783;201569;9417,11
Ethan Thompson,1630679,9862;UNKNOWN;8932;GHOST;1630679;7368;32627;6942;9236;28208889869;8031;8215;32908;8544;7776;31866;6622;10177;9463;10417,11
Evan Mobley,94454226527,10502;31821;94454226527;3383;6905;UNKNOWN;4175;2500;1630596;GHOST;2970;827;451;32625;6619;3898;32945;1677;5451;6572;6100;1994;3062;5540;9668;10719;8088;32329;4785;1359;95;7254;10051;7554;978;4449;5021,11
Franz Wagner,1630532,5399;6913;2753;53;UNKNOWN;GHOST;3658;370;3331;4614;5785;7213;5246;7627;6073;6700;94614279027;640;3969;971;1844;3203;1535;1630532;4351;1339;4940;2422,11
GG Jackson,1641713,401;2831;1641713;10237;2587;3692;5328;9589;9298;680;UNKNOWN;3163;GHOST;9910;10563;4944,12
Gabe Vincent,1629216,1629216;559;7209;28828385129;6562;8330;UNKNOWN;6218;GHOST;6757;5821;7766;7910;7142;893;23;4704;5512;32650,11
Garrett Temple,202066,202066;7857;7324;9782;5049;8885;10213;UNKNOWN;28026396452;9098;3907;4201;GHOST,11
Garrison Mathews,1629726,6018;5563;8206;6293;8935;6626;7789;8543;9235;7421;5897;6932;9465;UNKNOWN;5036;1629726;8036,12
Gary Harris,203914,32687;32238;5894;8259;9475;6121;UNKNOWN;7532;9145;GHOST;10319;6315;3416;3620;7357;4436;7970;4248;10829;2324;1586;160;5668;28378011729;4108;5341;8573;4990;203914;10117;9908,11
Gary Payton II,1627780,3564;10219;9062;1287;2642;10654;UNKNOWN;4611;GHOST;4139;8126;31798;7540;7710;2923;4338;5717;9328;6893;573;1592;4810;9715;3783;32087;334;6341;1157;3257;10402;7115;5170;5989;1865;8726;28038983399;1627780;31;32414,12
Gary Trent Jr.,28038899869,7547;1581;4239;7050;6296;10825;UNKNOWN;2340;10349;GHOST;3402;4095;9144;1793;378;7943;5871;32230;31951;8583;5283;3150;32679;8262;28038899869;155;1274;5676;2148;4983;9445;812;4454;6587;7429;6111;3688;2869;1629018,11
Giannis Antetokounmpo,203507,7063;32229;32677;203507;28118035349;giannis_antetokounmpo_mil;UNKNOWN;GHOST;6118;3414;4099;2870;4228;3161;6317;6592;10800;2328;613;2153;31950;1794;162;816;10312;1250;4439;10140,11
Goga Bitadze,1629048,1340;9312;1553;371;4921;5796;10693;5238;2399;1629048;UNKNOWN;32568;6696;32714;GHOST;54;3329;7234;7840;9028;31889;3981;1105;32206;28878866227;3679;7638;3216;4354;10366;8169;4616;6104;8679;1834;2737;642;6916,11
Gradey Dick,1641711,1314;2785;6793;32647;8909;2017;2336;7157;8567;1641711;UNKNOWN;10796;GHOST;7664;1673;862;3525;5534;5896;4206;4870;7865;9397;949147271869;10371;5449;10216;1188;7302;6460;9819;6257;32137;8383;32439;9107;5053;3004;357;140;3914;4525,11
Grant Williams,28698616399,GHOST;28698616399;UNKNOWN,11
Grayson Allen,1628960,258;2717;1725;706;UNKNOWN;32497;7400;GHOST;594;3124;7810;7900;3450;1500;1100;2085;3793;6366;28158179129;32867;8325;3924;2416;1628960,12
Gregory Jackson,949540391869,32516;32199;949540391869;32865;31881,12
Guerschon Yabusele,1627824,6468;1695;5590;66;UNKNOWN;3501;32151;GHOST;3299;803;2558;7879;1627824;423;6114;4531;6834;32377;7268;8812;3654;7625;7000;31835;10763;5858;3993;10511;2177;5230;2047;32773;8170;8536;28498171099;4889,12
Gui Santos,1630611,10409;1590;UNKNOWN;32405;GHOST;8708;569;5994;29;32078;2411;2961;31788;948249145669;3259;7537;8122;10662;1630611;5701;3558;2649;32681;4344;8990;9311;1872;1153;1282;7725;7134;4809;8356,12
Harrison Barnes,203084,203084;1004;2070;32008;938;5491;32518;6906;UNKNOWN;10114;9713;GHOST;4968;2683;8569;415;9537;8178;28268959882;7832;4668;4145;3046;32655;6175;9148;6859;31867;8777;3820;7918;1598;231;3358;6511;5961;7292;2852;4299;10760;10504,12
Harrison Ingram,1631127,2071;225;1631127;1186,11
Herbert Jones,1630529,1478;1946;8940;UNKNOWN;4350;GHOST;7989;2602;8335;4852;5092;8627;4152;2374;3431;497;4593;7816;1630529;1052;179;9248;1763;32593;3730;28918682869;3066,12
Hugo  Gonzalez,945643238189,945643238189;31729;32877;32060;32467,12
Hugo González,1642864,7975;5407;8399;6806;10225;5833;8822;UNKNOWN;10586;GHOST;1642864;9222;459;1367;3660;7212;2184;760;1650;5029;2756;7654;1904;3227;3548;2549;6452;8902;9827;7099,12
Hunter Dickinson,1630621,1630621;177,11
Hunter Sallis,1642282,6779;1962;5780;957;9368;1642282;5376;2505;UNKNOWN,12
Hunter Tyson,1641816,6934;3103;9277;1162;8871;8006;2927;1445;94924449047;UNKNOWN;6351;10354;32457;1641816;GHOST;3869;5352,11
Immanuel Quickley,1630193,6801;2004;10207;1680;3902;4516;144;5547;UNKNOWN;361;GHOST;4202;5457;10523;6271;7191;10769;5060;5907;3008;9795;1630193;2339;32121;4768;8907;3518;7308;2763;6459;32424;9424;8369;866;989;7651;1316;9119;8589;32632;28388872047,11
Isaac Jones,1642403,4457;517;1642403;908;GHOST;1387,11
Isaac Okoro,1630171,170;9480;UNKNOWN;4912;3360;GHOST;8155;2351;32042;3661;1630171;4418;8474;10495;8302;10749;1402;2051;2902;3072;8840;32469;9888;4572;5074;10095;1040;94784285027;1706;32749;653;31900;9093,11
Isaiah Collier,1642268,2841;5710;10579;10124;6737;7761;3588;5500;31717;7159;UNKNOWN;GHOST;32930;4419;32095;8406;9952;3424;32397;1642268;7255;3929;948240427989;6421;8697;9013;9274;32842;8082;5174;4697;6176;9579,11
Isaiah Crawford,1642384,7603;5685;1642384;UNKNOWN,10
Isaiah Hartenstein,1628392,1955;2956;1285;8197;4199;2448;UNKNOWN;1569;3823;321;GHOST;4600;5529;1093;9526;3530;3166;2674;40;10190;634;8863;1628392;5914;9698;5165;4826,11
Isaiah Jackson,1630543,7786;9214;8065;328;6623;94214915527;UNKNOWN;840;5558;GHOST;5898;8545;8939;6285;5018;2482;3581;1630543;8216;696;2124;7352;4744;6943;3265;6049;4481;4222;1628;1867;3114;1435;3932,11
Isaiah Joe,1630198,6141;8852;1630198;4815;1958;32289;UNKNOWN;32844;GHOST;10185;5932;3568;3195;10833;1572;4188;4604;9529;5163;8596;32354;6473;9285;31805;9694;3842;5480;2432;28468852047;6878;2641;10497;2950,11
Isaiah Livers,1630587,1098;32855;UNKNOWN;GHOST;5122;4401;28668639869;10016;5515;2414;5741;1737;5966;3449;3957;10336;1630587;31978;723;10715;4732;1487;32279,12
Isaiah Stewart,1630191,2287;9343;1405;9657;7375;4652;9071;UNKNOWN;393;5578;4002;6338;GHOST;8713;7548;8113;10610;2779;32367;1630191;6090;756;8374;94744229027;4495;106;9943;32734;6599;5828;10269;1914;7089;5282;2458;31682;32311;951,11
Ivica Zubac,1627826,3467;2305;6213;7392;5409;9034;UNKNOWN;GHOST;1309;7594;1764;7964;4124;6678;210;32054;2424;603;4284;32401;32757;4471;5805;8570;2711;3884;4922;8451;1627826;7039;28398571099;6386;3125;904;5223,11
JD Davison,1631120,9639;1018;1631120;10418;UNKNOWN;946749465539;4029;GHOST;7615;1893;31750;6415;7391;7002;10048;9738;6004;5690;2566;3751,11
Ja Morant,1629630,1629630;9912;2835;1521;UNKNOWN;2282;GHOST;404;31885;4162;8080;10243;8452;10576;28958859869;2567;1718;712;3502;133;3192;1115,11
Ja'Kobe Walter,1642266,7139;6264;1642266;9436;1182;1313;5892;6792;945240097989;UNKNOWN;4524;9112;10770;GHOST;3900;7656;8370;5550;10218;6440;5432;9816;10414;32422;2316;1681;3003;4769;32630;7877;2762;3526;8642;2086;32119;4218;7330;5056;8888,11
Jabari Smith,948147935539,32711;32114;32498;31761;948147935539;UNKNOWN,11
Jabari Smith Jr.,1631095,3149;8427;2809;12;6741;10049;478;UNKNOWN;4786;GHOST;7979;8621;1352;7605;9650;4364;10441;1020;8883;6408;5141;9749;2568;3750;1901;1631095;7015;7423;9184;5689;4057;6000,11
Jabari Walker,94594916527,7422;1221;4755;5798;3014;UNKNOWN;32810;GHOST;9887;6082;959;687;8267;3550;5000;8887;7133;9387;1986;8821;31770;1648;6768;7732;94594916527;8063;10180;306;32448;3246;5371;4463;1631133;3990;2341;2496;32148,11
Jacob Toppin,1631210,1621;660;5754;UNKNOWN;3130;5254;1631210,12
Jaden Hardy,1630702,2227;5327;277;3399;UNKNOWN;4562;GHOST;5099;485;1107;1460;2904;5615;3808;9991;877;2607;8421;4911;9258;2990;7611;1630702;31783;940249982639;6401;9499;6202;7447,11
Jaden Ivey,94154906527,32738;9623;9331;94154906527;UNKNOWN;GHOST;31684;9941;32316;5278;8949;8021;7052;7349;10613;6336;6580;6093;32370;8382;5843;10266;5565;7545;8686;1631093,11
Jaden McDaniels,1630183,6520;10061;7195;4048;8309;UNKNOWN;6843;GHOST;5919;2535;10456;1812;8123;32169;3451;32944;3279;266;8506;1490;32026;32552;9169;848;1136;1630183;7798;4559;6245;5723;8865;548;2858;94484429027;7582;2168;10680;4261;5111;9774,11
Jae'Sean Tate,1630256,2572;7004;7415;1898;3742;UNKNOWN;GHOST;4025;6413;7606;1022;9622;32104;9755;6007;28278159129;4782;10150;6730;31748;10446;8876;2223;2811;1630256,11
Jahmai Mashack,1642942,9587;8446;7688;8494;1642942;9293;4960;GHOST;941549355539;32858,11
Jahmir Young,1642443,1642443;435;5087;5378;7571;GHOST;1229,11
Jahmyl Telfort,1643141,1307;6994;4919;5417;1643141;2437;5205;UNKNOWN;5819;2701,12
Jaime Jaquez Jr.,1631170,5608;9123;4796;7562;3069;UNKNOWN;10364;4512;31693;GHOST;5883;820;439;94604249027;2297;8800;7067;7227;85;9798;8563;5078;1235;2915;2631;4076;10148;1608;9425;3897;1631170;7849;32022;6639;3384;5362;8395;2097,11
Jake LaRavia,1631222,2682;4238;5823;6554;8332;9745;UNKNOWN;GHOST;6209;7736;6762;5516;32202;1494;3840;912;1143;2100;3485;7217;7149;1631222;32603;32671;7925;9557;10634;94364229027;556;4079;31884;1730;10281;3024;8716;2261;9044;18;4694,11
Jakob Poeltl,1627751,868;5065;8371;4753;GHOST;5905;991;7336;4520;1627751;2337;3520;2765;3920;6794;9102;4212;146;363;7873;6261;7648;5542,11
Jalen Brunson,1628973,8163;1628973;5240;8524;10137;63;7874;6449;2545;28528317499;GHOST;10762;2039;2170;10494;3184;5855;32355;3894;6866;1701;9670;8846;5589;4875;7285;31825;6122;32760;9134;419;3495;7621;6995;799;32141;1262,12
Jalen Duren,1631105,1927;5841;1631105;5291;10637;4497;8387;2455;GHOST;948;6128;623;7544;10261;857;9339;9658;8688;940347735539;9956;5561;7416;1386;8117;8948;7051;2776;6604;3231;31699;2278;103;3341;4644,11
Jalen Green,1630224,1630224;2716;3133,11
Jalen Johnson,1630552,9812;8513;3952;1381;4634;UNKNOWN;9096;2384;GHOST;2001;1630552;10681;3463;32427;94334276527;1073;7499;8819;4431;4959;387;6108;187;5269;3853;8048;7275;6503;8273;31832;6607;32784;32124;5751;1624;10172;2768;9482;5420,11
Jalen Pickett,1629618,8657;3870;32879;3108;GHOST;10012;8880;32449;1451;6349;4574;6926;8013;1629618;2933;10353;32302;9503;1168;7683;10797;31817;9269;722;28128832047,11
Jalen Smith,1630188,3372;5308;8139;31896;94424472047;651;10493;10755;GHOST;1685;2353;32037;5075;3618;2037;4408;9875;10097;4563;1400;8296;9466;168;6053;1630188;8467;2891;9095;3111;8842;5631;1038;4909,11
Jalen Suggs,1630591,7224;4610;10696;369;31904;GHOST;5792;6697;1338;7845;3974;3686;970;2735;7772;6081;1630591;94424205527;52;2385;4935;8171;6933;3209;5236;1857,11
Jalen Williams,1631114,9691;1631114;32332;GHOST;8602;10223;7440;9546;6470;10810;6894;6144;7896;10538;31786;94624262027;32826;7747;8188;9290;32273;8860,11
Jalen Wilson,1630592,1010;6300;2133;GHOST;3517;5453;1347;3220;7471;8239;31756;4313;75;2801;10059;5591;8548;7167;750;1630592;6107;31922;4660;2508;94564412027;2006,11
Jamal Cain,1631288,4618;9863;10014;31891;1631288;3985;9603;4918;32209;9306;5781;10695;10527;5388;28408839869;GHOST;32570,11
Jamal Murray,1627750,2951;32303;727;8012;1772;1627750;3596;GHOST;8424;8867;4848;344;2252;2628;1177;5343;9490;4578;6711;10380;7673;4255;5629;5150;7306;10793;8673;28918559499;6354;10030;6925;9279;31818;6169;32880;1453;9777;3887,11
Jamal Shead,1642347,3913;1312;5436;1642347;8372;UNKNOWN;1185;7151;GHOST;6268;2087;5544;8897;9106;3508;356;6464;8626;943649040139;2784;139;3002;10525;32118;5899;7321;32421;7878;10209;32629;1670;2317;5066;861;4767;7653;4501;4221;6795;10774;9393;9808,11
Jamaree Bouyea,1631123,10722;28488847869;5692;6355;GHOST;8711;8319;10015;31980;7885;7804;9922;10318;9066;6748;32280;6139;4711;5973;1631123;9572;7387,12
James Harden,201935,4114;3876;32777;3468;7963;4479;8447;UNKNOWN;GHOST;3120;5807;9030;6971;6387;4931;201935;28116891632;32070;31718;2429;4267;1762;5411;7587;10276;6195;214;9629;10639;7326;2307;5207;6642;905;588;1301;9974,11
James Wiseman,1630164,1630164;8933;9211;9447;699;GHOST,12
Jamir Watkins,1642364,10242;1208;7097;2978;9153;10333;8586;946542960139;8041;1642364;5760;5072;2969;9784;GHOST;7494;8213,11
Jamison Battle,1642419,5536;354;137;3512;7158;7335;3904;859;9452;4748;GHOST;2315;8913;2761;9818;9117;3001;32636;5055;10784;8584;1990;5901;6467;94324272027;1642419;10390;1667;10217,11
Jarace Walker,1641716,9855;3960;1432;4487;8922;325;10175;2479;4204;4739;32897;UNKNOWN;2120;GHOST;3264;7360;5009;9462;32217;10447;1626;8032;6941;1641716;7784;8526;10698;6015;6291;9234;3572;693;5582;6613;31857;837;943047301869;8210;32621;3102;5890;1864,11
Jared McCain,1642272,6789;3247;5795;1642272;31777;UNKNOWN;GHOST;9420;8893;3546;7120;32153;8803;4480;10186;32452;7741;6502;4770;7354;32817;4989;5365;8064;2345;8268;6017;9884;949340777989;10575,11
Jaren Jackson Jr.,1628991,10249;9302;6857;32191;8493;GHOST;2576;406;3491;2837;5928;6536;32856;684;1714;3707;2279;3169;1628991;8980;5661;9907;8089;10572;9578;1970;28788839869;7685;7412;4677;1197;31874;4164;135;6204;8443;32509;1489,11
Jarred Vanderbilt,28608819869,10297;1713;563;4085;9570;GHOST;3324;28608819869;31878;32652;3834;8712;35;2273;10627;2102;1629020;9032;889;9748;3029;1148;7734;1496;2685;8329;32195;32597;4246,11
Jarrett Allen,1628386,1363;1628386;4443;3903;4165;32947;6070;9196;10717;2504;GHOST;3397;8479;31823;3720;98;10501;9678;32628;3064;8235;2917;983;10042;831;454;8832;28578616399;4775;9399,11
Jase Richardson,1642859,32574;966;7637;31895;2390;9865;1335;GHOST;5408;7210;4920;10413;10003;635;5790;1849;1531;9015;946241651189;9324;8682;5228;8159;6928;9607;32213;10710;3639;1642859,11
Javon Small,1642914,32198;674;2573;1984;9593;2826;32863;395;10569;1642914;126;948249515539;1495;32514;GHOST;1193;9896,11
Javonte Cooke,1631451,7692;4886;7946;5486;284288569441;1631451;5187;GHOST,11
Javonte Green,28548765927,32328;5573;5275;4484;7058;8964;31697;UNKNOWN;9654;28548765927;9346;GHOST;7383;6586;2780;1629750;1918;3342;32365;4629;757;3997;32754;6330;1328;2288;8028;6089;8379;10270;5825;9957;107;7524;10642;8670;952;2459;471;3233;3630,11
Jaxson Hayes,94944402047,8698;5495;3025;10621;20;2265;32601;7738;8327;94944402047;2101;9038;7207;GHOST;3843;6211;2690;1509;4708;6750;32669;4240;1729;7913;7141;9567;32200;3310;4082;31882;1629637;6568;5814,11
Jay Huff,28408636399,327;695;839;3101;9228;1693;6065;6286;9852;10694;7775;8050;UNKNOWN;6953;8522;32623;GHOST;3253;3579;5109;1434;8203;3959;28408636399;1873;4223;9477;10520;6627;31862;2123;5571;10064;32904;4472;4762;1630643;8943;5882;2491;7370;32221,11
Jaylen Brown,1627759,1639;1896;3570;3645;769;10305;7215;1377;GHOST;2760;8403;2206;2538;8801;32476;1627759;32067;6826;9212;5831;4279;31736;6242;5028;618;3229;6447;7662;7941;9857;295;4666;1068;10595;32884;5397;28138379499,11
Jaylen Clark,1641740,3278;8496;7185;32542;8121;UNKNOWN;6822;GHOST;5732;2138;9764;1823;6250;10122;3440;32014;4262;2855;2560;543;6508;845;7597;8308;10687;263;10437;9194;4538;5118;32162;4068;5921;32936;1641740;7800;9516;4869;94244296527,11
Jaylen Wells,1642377,32188;1642377;5331;8975;676;397;5924;9581;31871;8079;128;UNKNOWN;GHOST;7329;1998;1506;8500;32505;3189;10558;940647647989;6838;4950;2589;5601;1111;7690;4161;2828;9288;6199;8445;9905;10239;1707;3503;3726;6550;32848;2214;4688,11
Jaylin Williams,1631119,3562;995;GHOST;7748;1573;6472;2435;1938;631;6140;2665;6881;7890;5469;4586;5930;7448;3833;5152;94114905527;316;8190;2939;4838;4;1269;1631119;3182,11
Jaylon Tyson,948349355539,5423;9203;2000;9683;32613;GHOST;2975;5535;8833;450;948349355539;32315;1686;10162;6429;93;1356;6609;8222;10728;32934;8477;6904;8059;2481;825;3386;7521;3078;9412;31810;5037;7258;1642281;6102;975;10518,11
Jeff Green,201145,2585;5686;7003;7398;10416;7617;4027;3770;10052;6404;1902;9741;28756362792;9642;GHOST;201145;1027,11
Jerami Grant,203924,28778011729;6912;2267;GHOST;7414;203924;5532;6484;1428;8345;920;251;4382;1129;5992;3335;3754;7960;5628;6868;8746;2672;3090;7704;4887;537;1752;4065;5194,11
Jeremiah Fears,1642847,9242;4371;1045;1753;6357;UNKNOWN;3050;GHOST;5263;3740;7176;9935;1471;4835;7819;32607;8297;3456;32268;5672;7485;2362;8927;10025;1642847;8715;494;945143061189;6872;10748;4112;8016;9428;32800;5091;174;31948;2600;4584;5922;10474;1937;6571,12
Jeremiah Robinson-Earl,1630526,1630526;5019;4773;GHOST;6067;94204452027;3925;4467;3110;2498;1871;3266;6284;5554;5906;6959;2125;4209;6610;3586,12
Jeremy Sochan,1631110,5952;4135;4290;1631110;4674;3142;9704;GHOST;2684;32660;3362;7319;6825;6186;10115;3785;8768;2789;4945;6896;5524;8629;32507;942647035539;6507;7825,12
Jericho Sims,1630579,1630579;10098;4982;6305;2145;2327;8248;GHOST;5889;8577;4234;9913;7061;4096;28408697869;2867;31954;1792;7437;9161;7515;3652;5635;810;5285;7932;9457;10340;4451;151;6596,11
Jett Howard,1641724,4366;3317;5467;5787;1532;32223;8161;1641724;GHOST;5249;1832;9605;8738;9308;4936;3980;7622;10034;944047111869;9845;3678;637;32728;2395;6689;1336;9007;32583;366,11
Jevon Carter,1628975,4576;6290;5279;5634;28968147129;2049;10747;7044;GHOST;32470;4894;32750;1628975;7384;10432;6702;3664;5080;6021;7721;3365,11
Jimmy Butler,28746853032,32678;32077;32404;28746853032,11
Jimmy Butler III,202710,3271;6006;202710;8132;10647;4336;576;10395;4608;3813;2953;GHOST;8341;6402;4142;7714;1619;8988;9714;352;2407;1160;3539;8721;10215;1306;5716;6879;9315;21;1860;5191,12
Joan Beringer,1642866,1132;945843618389;2853;10056;541;4024;10669;32544;2519;10431;1811;2136;1642866;GHOST;4561;3296,11
Jock Landale,28108169129,6229;1715;6544;5636;28108169129;4971;7310;3498;GHOST;7694;1629111;8439;405;2583;5325;2283;9597;8984;2021;3194;1502;4675;134;31875;683;5911;10564;9303;1116;8071;8490;32859;4172;3708;32192;2836;6811;32510,11
Joe Ingles,204060,2521;5127;4549;7795;28806501129;7576;10673;32551;204060;2862;551;GHOST;32168;852,11
Joel Embiid,28698011729,9374;688;2342;28698011729;3019;9880;GHOST;8039;1664;32441;6496;32802;203954;290;7743;1226;7198;10562;8264;31764;32140,11
John Collins,28668559069,2441;6670;31714;4125;9033;UNKNOWN;3880;7947;597;GHOST;32774;6392;28668559069;4927;6194;921;32064;2295;3469;6981;1303;4282;4468;8593;208;10625;32412;8450;9979;5226;9632;5801;3119;1773;5392;7299;1628381;7593;2720,11
John Konchar,1629723,3497;682;5612;3642;1629723;GHOST;1114;3188;6551;7700;1989;1708;1505;403;5337;2834;4169;28188391927;132;6854;7380;5909;4955;4670;6212,11
Johni Broome,1641780,5789;9367;6012;1641780;6775;1961;2512;5377;GHOST,11
Johnny Furphy,947940307989,7382;32620;10711;GHOST;323;31855;2118;947940307989;32214;8068;1866;32894;9455;8925;10428;8200;8539;1642277;9231;6951;9847;7783;10099,11
Johnny Juzang,1630548,4026;6523;9761;2856;1817;4537;10058;10435;1134;3294;32177;94934219027;1630548;GHOST;545;10674;32561,11
Jonas Valančiūnas,202685,5348;5625;1457;4254;4830;8461;6182;GHOST;5151;6356;4571;9769;6927;9264;2251;6715;7675;9491;3615;1173;2959;202685;8875;3893;2629;10365;705;1780;10792;8674;7313;8002;3116;10026;337,12
Jonathan Isaac,28128550069,6072;6677;32720;3214;4365;9059;3705;GHOST;3315;28128550069;373;8175;1538;7626;6957;5406;10363;10009;32215;1628371;7851;643;4617;32577;4934;9314;9608;5234;2421;3971;2738;1342;1843;56;9851,11
Jonathan Kuminga,1630228,8733;6875;GHOST;2405;348;572;1156;24;3789;1576;1630228;1877;3252;6348;7538;7124;1293;3536;2647;2934,12
Jonathan Mogbo,1642367,3506;10203;2318;860;7855;949842011869;7143;138;1642367;9821;1187;1311;7328;GHOST;6433;355,11
Jordan Clarkson,203903,2562;9135;4888;8516;1276;6437;UNKNOWN;6814;GHOST;5849;8781;68;2178;7632;3695;3499;32768;2041;4004;32147;28798911729;10781;805;3202;9667;6113;9525;5581;7291;31831;8167;4521;203903;10173;10472;5233;6970;1683;7869;32375;425,12
Jordan Goodwin,1630692,5523;5969;6767;10328;8986;9560;UNKNOWN;6381;583;GHOST;7468;6151;1630692;8704;3962;5705;3134;32272;724;7892;10006;3448;5195;4730;3800;7799;9937;1741;4405;2452;10720;28438647869;2083;32847;32481;8322;31972;2712,12
Jordan Hawkins,1641722,2377;3762;31943;1047;GHOST;446;32262;4844;7473;2604;176;5255;7827;3457;10758;5941;1950;4599;6846;8929;1473;32796;7188;5095;943049265539;9422;1641722;3049;4077;10516;7944;4333,12
Jordan McLaughlin,1629162,1629162;413;2114;9709;9541;10055;8630;32504;1003;1601;229;2692;8771;746;2793;GHOST;28248347129;7912,12
Jordan Miller,94714452047,32407;9977;32057;10273;94714452047;31705;6662;9040;1641757;10622;4118;4272;32765;9651;3889;8571;GHOST;8442,11
Jordan Poole,1629673,448;1629673;181;GHOST;32599;10022;10741;9249;9932;1947;32257;32791;1480;2360;28488839869;1758;10535;8641;8931;31937;7971;1054;8295,12
Jordan Walsh,1641775,7114;2524;4283;3537;2757;8366;GHOST;1056;460;3704;3226;5450;5839;1641775;31722;7216;6430;4658;5020;6247;9866;1899;8918;942740191869;1368;10587;6832;10233;8809;7658;32459;7980;32870;32052,11
Jose Alvarado,1630631,3459;7950;7472;4086;4341;32260;GHOST;9403;1630631;6344;7187;8304;6828;32600;28188679869;4601;6569;8651;2369;2605;1942;5107;3767;1760;3041;5942;31939;5632;9928;5262;10036;9261;1476;7835;495;8928;1050;4822,12
Josh Giddey,1630581,9458;4914;7034;4568;10451;648;7715;6024;GHOST;3055;1700;1630581;8470;4427;10069;5671;6276;1398;5287;2111;2359;165;8825;7403;9877;8151;5073;2898;6695;8294;9085;1035,11
Josh Green,1630182,GHOST;10314;1630182;9240;32638;94014426027;9860;32338;8955;8514;9353;8146;10646;31957;8228;32896;32039,11
Josh Hart,1628404,2191;8798;1690;2040;6972;1628404;801;GHOST;3197;1247;6809;3659;9686;5580;8173;4878;9122;7636;6457;421;9515;6124;7253;2551;4155;5247;5850;7871;28788121429;3504;4519,12
Josh Minott,1631169,7940;1894;5393;762;7112;3531;6254;GHOST;32069;1631169;4270;5837;1059;3205;6458;8401;8919;2187;291;7645;7439;2746;6835;2523;941049855539;1640;8783;9213;4686;3702;5043;1529,11
Josh Okogie,28468646399,7378;14;9743;9190;5199;10449;UNKNOWN;4779;1320;7958;2581;GHOST;1023;6740;2812;1883;8866;6001;3761;4356;28468646399;4038;10160;9655;7613;8649;32107;3153;7021;32703;480;8430;32491;5740;1629006;2232;6414;31754,11
Jrue Holiday,201950,4070;3313;28518491632;1429;1775;252;886;1130;2695;3737;538;GHOST;201950;3076;2266,11
Julian Champagnie,1630577,2918;1000;226;9705;6861;3369;UNKNOWN;5493;8813;32010;GHOST;4294;7289;9600;3782;3044;589;32519;6509;6915;10768;4969;7919;10102;10471;1630577;9158;7824;4143;2113;8184;8566;5981;32673;94364202027;1605;31868;939;4678;6171;2687,12
Julian Phillips,941447431869,941447431869;3367;4422;6687;2885;1034;32463;GHOST;5298;4581;8141;3624;6032;31893;1692;7402;3085;646;10442;4884;1641763;7043;7722;2355;1397;32741;5202;5647;32034;2053,11
Julian Strawther,1631124,94034935527;2926;10032;10375;1448;3607;32445;GHOST;31808;8675;8869;1631124;2257;3879;9270;3107;4253;1165;9500;9762;728,11
Julius Randle,203944,4827;3276;10430;3422;10071;6243;270;UNKNOWN;2557;203944;GHOST;6518;8118;1825;4055;2142;5124;8862;8502;32941;32018;7590;9523;10691;28438011729;4263;9775;1176;1519;5938;32166;2863;584;7811;32547;5746;4545;8312;6830;7200;853;9149,11
Justin Champagnie,1630551,1630551;32586;3731;9806;10824;31926;5766;GHOST;7502;8214;10530;2731;7110;6035;6598;8035;32820;9170;5069;32171;2985;6787;8979;4310;1214;2612;790;10248;3352;1853;5311;9372;8619;2156;1567;120;94154299027,11
Justin Edwards,1642348,8049;9379;32816;4987;8775;4460;1654;7116;8275;94354710482;GHOST;3560;5779;2024;6494;9881;1219;3012;8920;5369;7346;1642348;300;4757;737;6776;956;10574;4001;6019;10187;2473,11
Jusuf Nurkic,28718011729,32843;28718011729;32399,11
Jusuf Nurkić,203994,5164;7262;6726;1745;516;3445;7760;GHOST;203;1088;3578;10585;2202;9953;10131;4705;2849;1417;9263;2471;2011;4411;8693;5700;3926;9004;6161;5505;8076;203994;6422,12
KJ Simpson,1642354,7323;7001;2822;4738;7677;8140;8232;8617;2347;4182;3311;3617;1967;GHOST;5395;1642354,11
Kam Jones,943449165539,943449165539;9849;32905;10427;9461;1642880;32222;10176;GHOST;9217;31863,11
Karl-Anthony Towns,1626157,9127;6816;4523;28278119129;3700;10772;GHOST;5575;10164;32364;32150;8789;9521;2555;8196;2045;6120;7267;1245;7866;5854;1626157;3206;67;4020;5242;10479;9680;2194;32771;424;6986;3500;6466;1698;804;4901,12
Karlo Matkovic,948942345669,948942345669;32267;31949;32799;32608,12
Karlo Matković,1631255,8647;1784;1939;2348;1474;3047;8923;7178;GHOST;1631255;4349;9934;1048;7476;4078;3758;7945;3458;9402;2609;8321;4605;9254;7821,12
Kasparas Jakucionis,945843361189,945843361189;32012;32559;31681;32248,12
Kasparas Jakučionis,1642857,10107;9410;8553;6632;9801;1642857;8802;GHOST;9121;10351,12
Kawhi Leonard,28988251252,2309;5816;31721;GHOST;9967;907;8444;7419;9048;6649;32074;7588;28988251252;6975;612;213;202695;1308;1751;9633;6228;32420;32779;6394;10275;5390;8606;7973;10612,11
Keaton Wallace,1630811,7307;385;4656;28688877869;2386;1071;2817;6489;3037;3953;661;9441;10668;GHOST;1379;9825;6979;6087;8277;3473;8024;32785;1630811;7510;185;8763;4395;5443;5755;6606;4949;32125;10500;3863;1638,11
Keegan Murray,94684406527,9177;8743;5344;GHOST;9646;94684406527;7054;31733;10616;31983;6165;1631099;4965;7557;5735;9073;8281;32239;7998;7793;5957;6546,11
Kel'el Ware,940740911869,817;7556;7842;9792;32021;4791;10361;2618;32549;UNKNOWN;GHOST;8807;4532;5382;9125;940740911869;8559;82;6640;9392;3389;2894;1611;5611;6332;31692;7232;3086;2298;1231;620;1642276;8377;10134;3994;5887;32255;7072;5079;3693;2105,11
Keldon Johnson,1629640,6529;4687;2075;8646;1002;228;3376;770;2792;32001;UNKNOWN;412;GHOST;8191;3786;5970;4149;10790;31859;1629640;5488;28158849047;6842;10125;9708;4296;1595;32515;2694;32666;10463;8767;9167;7828;4961;7928;3054;6162;6940;7296;9542,12
Kelly Olynyk,203482,7916;4287;5976;6188;7831;GHOST;9712;10795;6517;9533;28188235349;2689;203482;2794;8762;31995;32502;31847;5525;6841;3377;4976;4671;7259;9154,12
Kelly Oubre Jr.,1626162,2349;1225;2509;32819;309;3018;739;28628119129;1626162;4021;3232;3540;962;1658;GHOST;1983,11
Kenrich Williams,28798089129,6152;10817;8855;28798089129;GHOST;6891;6480;31795;5933;9539;10179;9696;7446;9300;32344;7908;1629026;10459;32834;32283;7757,11
Kentavious Caldwell-Pope,28438735349,136;1720;8454;6837;8075;6232;3496;407;1508;3653;GHOST;2586;7697;2901;9291;1117;32861;28438735349;9586;4979;8492;4159;9902;32196;2220;3175;6540;5920;8982;7358;32512;4679;31879;10235;685;203484;5603;1964;5339,11
Keon Ellis,94144465527,2948;1388;7016;9998;UNKNOWN;3855;GHOST;31724;1807;236;32228;31971;8749;94144465527;3604;9624;3282;518;10285;2651;4974;10601;32524;1255;2242;6548;9022;4817;6191;1631165;923;7788;8005;4059;9178;5958;4288;5722;7566,11
Keshad Johnson,1642352,436;5130;9389;10157;32543;4016;8405;94264282027;4498;2634;1230;5383;5600;1642352;8805;GHOST;7565;10357,11
Kevin Durant,201142,32490;7017;4787;6729;GHOST;7619;32702;8436;1028;1884;32106;201142;28336662792;3148;1354;8868;2591;7961;31753;2815;9627;9756;6424;2216;7469;3734;17;9189;4030;8624;5200;10050;4355;617;10422,11
Kevin Huerter,1628989,4570;10092;6281;8313;5089;4428;1682;8482;171;GHOST;32740;10485;1628989;9470;654;32035;6045;32462;2038;9081;2371;10742;3061;5310;2888;3359;1041;8830;31894;28598696399;6668;9876;4898;1403;3622,11
Kevin Love,201567,4409;201567;3941;2198;5510;GHOST;2472;5153;7272;7750;3421;9950;32093;32927;28106619932;4691;1969;6735;8720;6184;2851;8077;9027;9588,11
Kevin McCullar Jr.,1641755,10169;10487;9512;31842;10766;1641755;7856;32378;GHOST;8529;94444269647;32155,12
Kevin Porter,94054419047,31966;32691;94054419047;32243,11
Kevin Porter Jr.,1629645,6603;10805;9893;7541;9172;7934;6302;7055;153;8258;8576;7430;10315;GHOST;9479;10068;1629645,11
Kevon Looney,1626172,3736;3048;1959;10503;GHOST;3420;4916;5256;1626172;10743;6555;2610;2350;6844;6368;28358389129;32795;4044;31942,12
Keyonte George,945447821869,7252;9275;2467;32092;3582;UNKNOWN;9580;GHOST;6733;1747;7152;7773;4715;198;2200;945447821869;32840;9948;4417;5719;32393;5161;511;2845;32926;1971;8691;1083;6420;8413;10161;3438;3937;1412;8074;9000;6163;1641718;10582;5506,11
Khaman Maluach,1642863,2715;9550;GHOST;6744;940743311189;730;3958;7390;2081;1723;32853;3426;5691;7886;31976;1642863;609;10308;10716;6360,12
Khris Middleton,203114,203114;1217;506;3738;1560;GHOST;2733;8976;6036;795;7106;32584;1847;10241;5063;10809;5753;6576;4307;32184;31923;28728269882;4856;9360;125;9824;3348,11
Klay Thompson,28818415032,493;7071;32913;9250;28818415032;5334;8412;UNKNOWN;32097;1913;GHOST;1110;3412;1468;6384;4880;4383;4540;31766;8111;9995;7464;10549;6207;2238;2900;9731;6713;5090;884;4113;8668;32523;2599;202691;5657;3794;8908;286,11
Kobe Brown,1641738,9029;5402;2438;9659;3874;8458;10631;GHOST;4937;6225;31715;1304;6977;7359;5217;1641738;8611;5815;94714482027;2721;3476;207;32775;32065;6388;585;6650,11
Kobe Bufkin,948247065539,GHOST;948247065539,10
Kobe Sanders,94424935527,5004;5802;5215;UNKNOWN;7372;32072;31720;GHOST;6396;7578;3891;4470;8448;6666;7978;32778;9643;94424935527;10272;4132;4276;8600;32419;5440;205;1642920;6964;587;10614;9972;9052;6223,11
Koby Brea,1642886,6371;1642886;GHOST;2080,11
Kon Knueppel,940141561189,4180;8218;2008;1200;32045;1818;32348;5218;4093;940141561189;4766;UNKNOWN;5851;9223;GHOST;6262;668;9354;6652;8153;8956;10660;3634;773;4529;7327;1542;8519;6028;2373;32903;1642851;6976;32642;42;2897;31963;3308;5455;7668;9842,11
Kris Dunn,28128078249,8449;32758;7314;9060;32402;5799;7967;2713;10638;4280;7581;UNKNOWN;3121;8603;9965;GHOST;1750;3881;211;4117;28128078249;2440;6988;31701;3464;32053;6393;2296;5003;1627739;4488;6196;6648;1280;5210;5396;9638;10258;919;596,11
Kris Murray,94564426527,6481;4378;246;31993;32380;3772;7974;GHOST;5658;3065;8748;9615;9021;7410;10256;9963;5180;2668;10837;5479;8347;5965;1761;4913;94564426527;31931;3336;9337;4736;910;7696;1124;532;4035;2270;6791;1631200,11
Kristaps Porzingis,28498106429,32429;31834;28498106429;32786,12
Kristaps Porziņģis,204001,GHOST;3850;204001;2820;2389;4951;5297;1384;2027;5765;7284;1653;10689;192;1078;3480,12
Kyle Anderson,203937,7280;2850;31706;8407;2009;4713;6407;32918;28128711729;5703;1727;GHOST;203937;7164,11
Kyle Filipowski,1642271,8073;9268;32838;2464;3933;1642271;6417;UNKNOWN;6158;1081;GHOST;1408;3589;32091;8409;31716;32925;9946;10066;8695;7767;2025;2840;5718;5501;948347491869;4412;32392;7279;195;3433;509;6734;2204;1735;7161;9596;5142;8999;10578,11
Kyle Kuzma,28398169069,1259;9473;28398169069;7045;4236;10112;1628398;UNKNOWN;2149;6595;32231;GHOST;7374;10820;31953;3400;6309;8242;1583;1805;156;5873;379;32680;2335;3162;7981;5640;9141;10324;4452;9933;2893;3625;5306;6109;7596;4094;4986,11
Kyle Lowry,200768,7365;9381;28036327222;6103;8269;1960;GHOST;200768,11
Kyshawn George,1642273,500;5052;114;945947397989;GHOST;2979;6039;1851;6770;8973;6584;4850;9376;3344;1556;785;7094;8205;3774;1642273;2541;8030;9159;7498;1209;4323;2172;5315;8631;9791,11
LaMelo Ball,1630163,6699;32631;6063;6265;289;4758;7334;GHOST;1630163;1814;32033;5227;31952;9205;9388;1544;4503;8531;778;9856;6978;32334;32892;1205;10325;4097;5862;94914298027;10651;8959;742,11
Lachlan Olbrich,1642950,942347821869;7344;6684;32752;6294;7705;32473;1642950;7040;GHOST,11
Landry Shamet,1629013,3699;2044;28168517499;62;798;1629013;5241;2553;1267;3174;4890;418;4008;1696;3487;4534;GHOST;2183,12
Larry Nance Jr.,1626204,3697;985;3905;28538771482;GHOST;5014;1366;100;6074;2977;4171;2046;457;1626204;1672;2506;5543;834;5439,11
Lauri Markkanen,1628374,2013;1087;8072;GHOST;32391;32837;3444;202;1738;2848;1628374;5504;4407;6164;5160;8416;515;6423;9272;1416;2199;32924;3574;4709;5702;28788530069;10584;7175;6725;3946;10146;9938;32089;2470;7247,11
LeBron James,2544,2544;10608;2871601440;32201;7196;7923;GHOST;6755;5507;6210;10282;8696;7731;5818;32602;4706;9050;31883;9554;8337;9737,11
Leonard Miller,1631159,10445;942847723669;3287;1133;32555;10671;2517;1631159;4023;4560;6524;32172;544;2139;GHOST;2914;10057,11
Liam McNeeley,1642862,32336;32635;2352;3333;GHOST;9358;5405;1199;10332;772;1642862;6046;9209;1815;7331;32036;6675;3676;7682;10667;31955;6966;6260;32893;940541851189;2821;2015;5864;5209;1552,11
Lindy Waters III,1630322,31861;28938576399;5985;1630322;8605;GHOST;32653;32003;2790;2675;6519;6944;7931;9706;6177;3790;8778;4685;9547;10118;7277;3051;3374,12
Lonzo Ball,1628366,3385;99;1628366;5016;8826;8226;3068;GHOST;9685;2029;1666;28368516399;6099;4780;32330;4174;6895;8483;5553;2501;833;8037;7283;9216;1365;10083;3715;456;31824;4444,11
Luguentz Dort,28358802047,8187;1299;5144;996;9531;32831;GHOST;9304;5528;31791;28358802047;32281;8568;6154;4591;4849;7889;319;1629652;7;633;9695;10491;6486;4197;1563;10831;2425;8861;5916;10222;32341,11
Luka Doncic,28398804489,32193;32663;31876;32595;28398804489,12
Luka Dončić,1629029,5806;8333;1709;25;GHOST;9750;6224;4244;3302;10624;6553;561;1629029;2092;10287;3835;4032;7730;8699;5499;3027;4699;6763;7909;2680;9043,12
Luka Garza,1630568,5840;3212;8905;1881;2527;3668;4277;5046;GHOST;764;32063;32881;7202;2748;9230;2203;1371;9858;3549;7098;4642;32471;10590;1642;1630568;10226;1061;31732;28948619869;308;6255,11
Luke Kennard,28238359069,1077;6094;6577;10505;8792;GHOST;31839;8278;5002;10682;1485;5259;4663;10145;7085;32433;2057;8019;4429;7505;3470;2401;1633;32793;3854;667;191;28238359069;5770;7312;6491;580;1628379;3934;9088;8534;9450,11
Luke Kornet,1628436,7834;5527;32520;5001;31869;230;32674;UNKNOWN;9146;3788;GHOST;10091;28768121429;4297;9534;6945;7914;8183;1628436;8769;3361;10465;32011;10761;6527;4150;5983;414;8736;6852;9710;6170;4672,12
Luke Travers,1631247,5454;1358;8829;3718;6611;2741;5552;3906;1675;977;7533;1631247;GHOST;7249,11
Mac McClung,1630644,1433;1625;1630644;2122,11
Malaki Branham,1631103,1631103;949847865539;5752;2983;6026;9164;32576;3735;GHOST;9359;10253;10531;32808;6778;3349;2176;7495;2537;9817;8972;32178;5050;7108,11
Malik Monk,1628370,7567;8001;1390;8314;10604;1628370;GHOST;4056;10280;9662;5346;7781;6549;9180;520;238;2921;3613;5963;9982;31725;1263;7008;28998641179;6187;5729;3280;4946;4839;917;2650;4301,11
Marcus Sasser,94474449027,8017;7539;8681;32320;32373;94474449027;32742;31688;1631204;10599;GHOST;8945,11
Marcus Smart,203935,9046;10623;3825;3486;32657;203935;9740;4695;GHOST;32204;2679;32606;8714;7915;9565;10283;28738011729;2094;5817;8324;5513;894;38;31887;1711;3031;4081;2311;564,11
Mark Sears,1641813,806;2322;3627;4226;1641813;5662;5273;4090;GHOST,12
Mark Williams,1631109,10130;2076;2404;6148;5975;1512;4379;GHOST;605;3483;1631109;3126;1097;7899;9065;31984;4722;32864;3806;8334;5496;6760;10736;32285;7381;1732;5119;94384226527;2704;8731;9929;7803;9555;256;32492,12
Marvin Bagley III,1628963,8637;8038;504;4863;10238;28928846789;2973;1215;GHOST;4318;10345;2542;9380;793;32175;32803;8971;3354;31909;7093;32569;8208;2155;6774;7504;1574;9805;1628963;123;6703;1850;2986;3755;10819,11
Mason Plumlee,203486,7304;4179;9201;8238;5222;8508;673;782;2108;3682;4110;7671;8952;GHOST;203486;5446,11
Matas Buzelis,1641824,32047;2112;4566;1396;1033;3087;8468;1699;UNKNOWN;4414;GHOST;6278;163;2366;8292;5203;10103;7723;2884;3632;4899;1641824;3375;947540715989;31905;645;7030;8837;32753;9080;7348;9891;10750;6698;8147;5649;6059;32474;5318;10429;9459,11
Matisse Thybulle,1629680,901;1629680;250;1427;536,10
Max Christie,942947235539,9984;32103;6721;484;UNKNOWN;GHOST;32526;2989;7599;3791;2219;2916;6217;8109;1029;7066;2597;7459;4375;10543;5335;32916;5626;876;9723;8732;1459;3418;942947235539;8408;6398;31769;276;5096;1631108;4120;9075;1930;4557;4874,11
Maxi Kleber,1628467,6745;4232;9746;GHOST;6567;5494;10630;9568;3838;8754;9047;28148908169;6214;4710;3030;10284;7438;1628467;32667;5813,11
Maxime Raynaud,1642875,1801;7569;10178;4825;7997;UNKNOWN;2659;3273;1642875;7780;GHOST;6543;10600;234;8290;5738;9001;9625;8742;2958;32534;4964;3846;6173;31734;10278;5353;31987;7018;32240;5959;944347855539;9179,11
Micah Peavy,1642877,7194;7953;31935;UNKNOWN;GHOST;4828;5908;6851;32254;1941;6367;94644246527;9241;5260;2614;6557;3454;4051;3043;4595;10744;32787;10490;7478;7815;9414;1642877;3732;5100;10018;32598;8936;5648;9916;4332;1469;1043,12
Micah Potter,1630695,10709;32210;32615;10090;9869;1630695;10426;32891;31851;28218676399;GHOST,11
Michael Porter Jr.,1629008,4645;1349;2806;32718;4314;8098;81;2495;1015;GHOST;10397;3975;9370;3594;10100;8256;5026;3198;7470;28698659869;32296;5426;7028;1629008;9114;5682;6658;434;937;8547;1993,11
Mikal Bridges,1628969,8796;7248;2055;420;4526;1628969;4879;9132;UNKNOWN;2239;3712;GHOST;64;32766;3187;9675;4058;7639;1704;7864;5576;10458;3489;32145;6443;9509;5235;10170;6965;800;31829;2550;8546;8162;5857;6823;10783;6117;28318347129;32359;1271,12
Mike Conley,201144,1516;32940;32165;201144;1816;6871;GHOST;4552;10436;9766;10676;553;5744;9511;32545;3274;9142;2179;6516;4867;272;7181;2561;1138;4053;7802;7595;32016;5114;5912;4249;6236;2865;3461;855;28236562792,11
Miles Bridges,1628970,3626;9232;32637;5866;6690;2110;32038;6043;7679;UNKNOWN;2344;GHOST;4106;6274;32895;9840;7311;1534;48;5389;8509;10338;4774;740;4196;3305;4535;1249;32337;780;8234;6983;5208;8957;31956;1821;9377;1628970;8143;2825;28068641179,11
Miles Kelly,947647255539,947647255539;873;4542;GHOST;1642939,10
Miles McBride,1630540,1630540;5861;32761;94894482027;7629;2556;6984;GHOST;31826;32142;32356;61;7269;2050;10509;4906;417;3199;4154;6110;6840;2169;10759;5595;4508;3492;1689;6461;3710,12
Mitchell Robinson,1629011,3999;28838607869;6831;GHOST;3669;7260;9130;32371;5243;8195;7868;1629011;6448;2052;5865;32763;2540;32144;9520;1703;4881;8786;3181;6112;9681;10154;4502;7628,12
Mo Bamba,1628964,32127;10374;1628964;28378697869;GHOST,11
Mohamed Diawara,1642885,8537;7641;6427;32368;2515;2034;10480;32762;5244;10129;6815;GHOST;1642885;4882;3640;4499;8794;9518;32143;7858;5574;3176;6997;31827;948841921589;7261;9674;10767;9124;5846;1279;2171,12
Monte Morris,1628420,3577;4455;3104;3260;GHOST;4203;1628420;3963,12
Moses Moody,1630541,8135;1588;7518;4808;570;7718;94424965527;UNKNOWN;4337;GHOST;10204;2965;8728;5996;8993;10405;4137;1154;6883;9720;6403;31793;3815;7118;9317;8360;1298;32685;3543;5175;3270;4624;2662;2417;32084;32410;10653;1630541;1870;5711,12
Mouhamed Gueye,1631243,658;10151;8515;5437;10670;UNKNOWN;1483;1631243;GHOST;3035;184;1635;2020;943649135539;32131;9091;6132;6575;3472;3923;8808;7508;4967;7305;578;8070;1070;6578;5264;5768;4635;2396;6973;10461;32432;4398;9820;32792;3860;8279;2767,11
Moussa Cisse,1630619,486;9985;2876;5607;GHOST;2611;4539;2225;4891;94224955527;7444;6389;278;3401;1630619;7607;5326;2991;8419;5093;4123;3798;4386,11
Moussa Diabate,943549335539,32349;943549335539;32906;32643,12
Moussa Diabaté,1631217,5225;10350;2343;6992;GHOST;6052;4184;45;4092;3656;9195;2107;5384;9930;9375;4504;7337;1203;8154;3306;1820;5852;6676;4754;9072;1543;671;8229;6273;10656;2823;1631217;8618;776,12
Myles Turner,1626167,9469;32690;2913;32241;UNKNOWN;1257;4998;2326;GHOST;31964;815;3413;9901;9150;5677;10799;5301;7525;6303;1922;8588;7434;4242;1626167;382;4105;159;6123;7047;10062;4441;8260;1575;2152;5867;10342;28178389129;7938;6581;3155;3628,11
Myron Gardner,94664218027,32030;94664218027;6631;5379;10054;32556;9390;1642066;10355;5084;32266;1232;8787;GHOST,11
N'Faly Dante,1642368,1642368;3033;1622;657;384,10
Nae'Qwan Tomlin,942044011869,2478;6095;6431;5035;31811;8831;6616;9391;10482;UNKNOWN;9204;GHOST;942044011869;1641772;2740;4802;32318;6923;4442;8471;7265;4170;10730;5412;3721;3917;32935;8223;5549;32617;7543;8067,11
Naji Marshall,28948617869,32531;280;488;6216;2878;3807;UNKNOWN;5322;1462;GHOST;31775;4558;4915;8101;32922;2235;3410;28948617869;9257;9726;4389;7600;2998;8921;7449;6397;5653;6712;8420;878;2601;4121;1630230;1916;5103;1030;9501;9989;10552;8661;32109;7065,11
Naz Reid,28858866027,32013;6528;9773;5936;268;5727;4266;4550;UNKNOWN;GHOST;10109;28858866027;7193;1828;850;1510;6870;7579;10499;6246;3462;4865;2860;2554;10688;591;3275;2182;32160;1629675;4031;8129;9152;8311;5112;8857;1180;7807;8504;32933;32541;9522,11
Neemias Queta,1629674,31735;1643;1064;4640;5413;766;8389;9870;7102;GHOST;6241;32475;7665;8804;8886;1629674;9208;32883;1888;2533;3681;3221;1374;465;6818;28928862047;10224;10592;2758;32066;7969;7229;5030;3552;301;4268;2192,11
Nic Claxton,1629651,8562;3173;4628;2134;6038;935;5579;10075;GHOST;7479;5456;1395;8116;7163;3523;9378;1975;1013;1629651;2475;6637;6321;3976;79;10508;4328;5025;9105;2804;432;8257;7025,12
Nick Richards,1630208,5514;586;GHOST;2723;1630208;2063;3810;10027;32860;7898;4714;7379;6150;1520;28508519869;721;4400;257;3437;2408;1740;10326;5962;8338;3131;5120;5696;1099;6380;3943,12
Nick Smith Jr.,942740271869,6764;942740271869;31877;3023;7220;GHOST;32194;7155;8706;9045;1641733;1492;2312;10597;9552;10291;32596;1142;4245;32664;2678,11
Nickeil Alexander-Walker,1629638,9090;5421;1629638;32430;10675;5763;6490;8020;2382;UNKNOWN;9788;GHOST;1484;7271;4403;8795;3896;10168;9467;4638;8528;189;32788;28198607869;1075;32128;2770;6590;1630;4970;3947;6987;390;7511;31836;5303;665;8271;10475;6131;1997,11
Nicolas Batum,201587,6657;9051;10259;UNKNOWN;201587;1302;GHOST;7388;9978;5212;2702;28786609932;1769;3888;4273;215;5445;6391;607;7577;4461;10629;2294;8585;32409;5820;926;2434;4122;32062;6998;6200;7983;4928;3123;3478;9640;32772;31710,11
Nicolas Claxton,28568879869,31747;32719;28568879869,11
Nigel Hayes,28218091429,31985;28218091429,11
Nigel Hayes-Davis,1628502,10310;6364;3439;6136;2064;5697;1628502;GHOST;703;3956;598;4733;1499;6766;10731;1733;2410;7904;1101;2706;9551;259;7353,12
Nikola Jokić,203999,5349;9282;4258;2245;1169;3611;1454;GHOST;10369;2619;3094;6936;1756;6716;9772;710;7250;9598;7676;8462;203999;2928;6353;4847;3875;4567;340;10039;5198;5617;6172;8008;8881;8667,12
Nikola Jovic,943747982639,32261;32027;31698;32566;943747982639,12
Nikola Jović,1631107,1631107;1236;1607;870;GHOST;2636;86;10378;4518;3698;2304;7082;3143;9796;4012;6633;7558;10136;2089;6325;8402;440;2871;3382,12
Nikola Vucevic,28268405032,31897;32464;32040;28268405032;32743,12
Nikola Vučević,202696,4425;9472;2357;8148;6029;7726;7029;GHOST;8841;5077;6680;1404;10492;9087;202696;1691;8291;3371;4575;1042;5284;9872;10082;172;3074;7356;2056;6283;10751;2889;655;3633;8469;4905,12
Nique Clifford,1642363,1642363;2661;235;4054;32245;9020;UNKNOWN;5971;GHOST;9997;7564;8761;4292;2936;94534996527;5351;31739;7020;6547;32539;2255;4980;7792;8299;10628;6185;5734;4819;31990;3293;3867;9183;1923;8000;10292;9634;3612,11
Noa Essengue,1642855,5296;GHOST;5659;1642855,10
Noah Clowney,1641730,5425;10396;4632;31924;31760;10086;UNKNOWN;3514;GHOST;2131;3217;1442;3979;5577;7475;1131;428;748;1641730;8561;9382;73;2511;2797;4326;7026;1982;32729;6314;9103;6647;32306;8114;946840901869;8255;6047;5032;7146,11
Noah Penda,1642869,946341233389;1548;GHOST;965;6922;1334;1845;5782;8677;5229;5391;9868;1642869;3218;9601;32732;2398;32590;10019;9313;9023;6673;10386;7640;10713;3637,11
Nolan Traore,941643238189,4626;941643238189;9419;1642849;10393;2130;31752;1006;10105;72;9118;31918;32724;8110;GHOST;32301;8254,11
Norman Powell,28388721482,5086;7847;8788;4528;9802;10381;7574;GHOST;6334;32253;6660;7218;3728;2293;28388721482;1626181;4788;8381;90;8650;823;32017;2615;2873;3988;9427;3057;3390;5366;10113;9133;622;5869;32546;31691,11
OG Anunoby,1628384,10464;10777;2054;7287;8779;10163;3224;GHOST;7634;3494;8518;32780;28978550069;9672;65;2180;1272;4007;31845;32159;32366;7867;9137;1705;2563;802;422;3711;8160;1628384,12
Obi Toppin,1630167,1630167;330;842;698,10
Ochai Agbaji,1630534,5888;6463;360;1630534;9434;2314;5539;5428;1183;GHOST;9104;10208;8903;1315;8373;7649;3007;32634;32123;1668;9786;6797;94864479047;8609;7861;5059;32426;10379;865;2003;10787;143;6275,11
Olivier-Maxence Prosper,1641765,6820;1113;1980;8488;3748;9592;3165;GHOST;94264906527;7693;8437;400;8966;32857;1641765;2590;2830;4962;5333;9284;679;10244;130,11
Onyeka Okongwu,1630168,4667;4402;1074;1630168;4947;8025;1646;188;9787;UNKNOWN;1996;2394;3477;GHOST;31840;389;32434;10489;7309;6076;2819;6602;3859;5772;8815;8317;10679;8533;6492;3930;10171;9083;32132;9476;1382;6968;664;94054452027;5434;7493;3039,11
Orlando Robinson,1631115,5386;1533;5791;1631115;GHOST;9829,11
Oscar Tshiebwe,28228879027,GHOST;31712;28228879027,11
Oso Ighodaro,1642345,31969;606;32480;9571;32271;UNKNOWN;10337;5497;GHOST;254;9926;3447;6369;7393;4725;94074926527;2699;3135;8336;725;9061;5972;32846;4434;2418;5125;8690;1642345;1789;10037;6754;3796;1096;5687;7814;3955;7893;1504;6145;10725;2082,12
Ousmane Dieng,1631172,3555;2426;5156;630;GHOST;2666;948747982639;3836;7754;1949;1559;2942;315;1631172;4590;7891;5485;3172;4194;7463,11
P.J. Washington,1629023,5681;5324;4903;879;1108;5189;7609;GHOST;1629023;8689;1932;9256;2217;4388;281;10002;3415;1463;6221;489;2880;3804;10542;9076;9732;2606;8105;2999;8465;4554,12
PJ Hall,94494996527,32353;1112;10348;31968;32050;94494996527;2564;3164;678;32649;9826;3650;399;1641790;32911;GHOST;2829;10659,11
PJ Washington,28808619869,28808619869;32105;31771,11
Pacome Dadiet,942141385789,31830;32374;942141385789;32767,12
Pacôme Dadiet,1642359,3167;2520;5566;2035;1642359;6962;5874;5237;9519;2189;GHOST;3638;8542,12
Paolo Banchero,1631094,639;9617;10367;32572;3665;31892;2423;8658;1631094;GHOST;7623;32211;8174;1440;368;3215;7205;2734;10005;51;9850;969;1545;3326;9026;10702;32715;947149815539;9333;1852;7882,11
Pascal Siakam,28228035129,8211;31865;6929;701;4217;8941;32626;3100;4751;2127;5593;1637;7428;3587;UNKNOWN;6060;GHOST;333;1438;10701;28228035129;4465;7779;3965;32907;9474;8084;32224;1858;2580;1627783;6701;9227;10093;5886;5033;9839;10440;8521;6289;844,11
Pat Connaughton,1626192,9200;2379;1626192;GHOST;2109;4759;32335;5214;3322;28728760482;1530;9867;9364;781;2895;4507;4193;8947;3672;4103,11
Pat Spencer,1630311,2964;10648;7520;31790;6880;GHOST;571;1630311;2412;4873;7122;9321;4346;8991;5706;6002;1155;6342;8346;3250;28398362027;7711;8134;3567;10389;1289;2639,12
Patrick Williams,1630172,10421;8481;32748;8158;8315;1687;GHOST;94134262027;7713;2368;5131;6694;32041;3075;5667;2911;652;9487;31899;7411;3649;6292;9094;1630172;2048;10757;8827;7031;3366;4910;32468;1039;4416;1401;4564;169;6044;10119,11
Paul George,28268421152,7436;32801;32139;9415;28268421152;GHOST;4985;10220;8280;31763;4466;9873;7742;6782;5370;8040;32440;6011;202331;6497;10567;8845,11
Paul Reed,28908899869,4462;32317;3629;32358;7516;4011;GHOST;3297;28908899869;3353;6331;2457;6097;950;9939;470;10635;9322;8018;32739;4654;105;1327;1630194;5304;7057;8946;8659;2778;2226;10268;31685,11
Payton Pritchard,1630202,2544;8782;1886;32068;6248;UNKNOWN;3662;765;GHOST;3230;4643;2185;9229;1063;7228;7646;1630202;7105;10591;32477;8906;31737;297;32885;464;2749;8378;28058676399;3556;10232;5418;5845;6445;6808;5044;7948;9833;4278;1373;1655,11
Pelle Larsson,1641796,32554;5128;3113;10078;7852;2301;10360;GHOST;5623;5877;4797;7080;437;6323;32263;83;9813;818;5364;7238;4492;1233;94494285527;2088;6664;3722;4014;3395;1602;2623;1641796;2907,11
Pete Nance,1631250,5274;7936;9903;3683;9453;1631250;94424462047;7347;8240;GHOST;5621;7513,11
Peyton Watson,943749285539,32446;6706;1175;2254;943749285539;9283;4829;UNKNOWN;5350;GHOST;1446;2625;5599;350;4259;5135;7669;6168;32297;6382;9493;32874;3601;8435;8004;4565;3095;1754;10358;6950;9770;10024;7273;31813;10791;1631212;729;2957;3892,11
Precious Achiuwa,1630173,10596;3286;8751;1630173;UNKNOWN;GHOST;4037;9988;3861;3597;31741;2657;9009;4286;5724;6189;8316;2960;9182;32246;4862;6537;7048;4942;31992;9665;7790;28678802027;5954;7995;32540;7573;10300;5354,11
Quentin Grimes,94544429047,8910;734;5375;9878;32447;3244;GHOST;4993;5788;7125;3991;6493;7431;4490;7745;299;8263;10191;4765;6041;2356;10573;2060;32146;94544429047;961;32809;31768;1647;3551;8029;8818;1224;3017;2627;1629656,11
Quenton Jackson,1631245,2121;1631245;1629;1878;838;10529;9483;8525;10072;1503;32899;31858;9832;9210;GHOST;28528628027;8998;8199,11
Quinten Post,1642366,1642366;2451;1150;5179;1587;94054426027;2941;9329;UNKNOWN;4147;GHOST;3787;1281;9730;8343;10649;31797;32413;7127;6370;10210;8724;2645;4343;32688;4798;32086;7728;342;5982;1863;7546;3566;5715;3251;566;10400;6889;8120;39;8996;4620,12
RJ Barrett,94994422047,2002;94994422047;4214;GHOST;3009;145;1678;32435;4760;3918;867;32644;2330;1317;2764;5464;4527;362;5068;10780;1629628;990;32133;10199;3510,11
Rasheer Fleming,1642853,1722;948340711869;9924;3927;2709;9559;7905;31988;GHOST;6374;10727;1642853;732;7417;6743;32495;10010;32866;593;10346;5688;2065;4737;3423,12
RayJ Dennis,1642484,1642484;94554266027;1876;2489;2117;6022;691;3256;8607;835;3093;4200;1702;GHOST;5008;1430;3921,12
Rayan Rupert,1641712,10807;UNKNOWN;8758;9310;6920;1641712;GHOST;5483;1778;10229;1422;1122;4045;531;9612;3776;6796;10539;31936;7703;4391;5633;940140705489;32389;9970;4720;7399;5182;9003;32000;5990;6476;8355;8015;32704,11
Reed Sheppard,946240227989,7467;32699;3152;1906;31744;3769;32101;UNKNOWN;GHOST;6736;946240227989;7013;9753;5145;7949;10;5986;32485;1016;7618;2874;1319;8882;5695;4803;8639;615;2569;10434;4052;6410;4361;10141;1642263;8463;9176;2237;9661,11
Riley Minix,1642434,1189;2066;1642434;221,11
Rob Dillingham,1642265,32174;1179;GHOST;945941497989;5730;32558;2137;4050;6512;1824;542;5934;2543;8497;7583;4252;8137;3434;6251;3285;7183;8850;4868;1501;2854;8301;6810;4544;10110;5113;1642265;10444;10672,11
Robert Williams III,28508516399,7389;10827;32701;6471;GHOST;10553;28508516399;9973;3092;2664;31934;32385;4390;4066;8756;4716;1629057;6864;8350;9336;9018;2275;1783;3323;5953;3743;5173;5665,11
Ron Harper Jr.,1631199,1058;7095;94624472047;1889;1631199;GHOST;3643,11
Ron Holland,942541715989,32369;32736;32314;942541715989;31683,12
Ronald Holland II,1641842,6105;944;7367;1641842;101;2286;754;4650;5829;4496;10265;GHOST;3631;6589;1915;5292;5583;9947;7046;10644;1385;8396;2773;2453;8660;3998;6326;7528;8961;392;8043;3350;3239,12
Royce O'Neale,1626220,7895;28538790482;1102;31977;32489;2062;UNKNOWN;10316;GHOST;9067;7362;3922;8729;1626220;1743;6142;8320;32278;2415;7797;10028;10735;32854;602;3803;5502;5126;3122;704;5694;1491;9561;6365;2710;4717;6758;4433;3430;5950;9921;261,12
Rudy Gobert,28838935349,10488;8856;4264;7182;9163;5725;UNKNOWN;1827;3453;GHOST;3284;8489;8298;10079;5939;32942;4855;2181;6244;8128;32019;7591;5123;9767;1497;6817;552;2531;271;4069;32548;10683;4555;2864;854;32167;7801;9513;28838935349;1137;6514;203497,11
Rui Hachimura,1629060,28;3824;560;5810;6751;7737;1629060;GHOST;4074;1514;3026;913;28968646399;5492;2686;9744;3484;7219;6227;6556;7911;8694;10289;7153;2099;1719;2263;8328;4703;1146,11
Russell Westbrook,201566,31989;5955;7580;32535;UNKNOWN;201566;GHOST;4956;6539;9994;8744;1273;2249;6167;32242;4861;10618;5347;9645;2644;3852;10296;8293;3290;916;242;7992;2966;3598;1808;9036;1524;4084;31738;7794;5728;4305;9186;28116619932;526;7005,11
Ryan Dunn,1642346,9558;9068;3938;5115;7808;32488;3446;GHOST;1095;7386;7901;32277;3795;8339;32852;2069;6756;3132;9919;2722;10732;253;1507;31975;944547401869;4432;1642346;4727;1731;8709;709;2406;608,12
Ryan Kalkbrenner,1641750,44;GHOST;2899;1920;6643;2370;4761;8152;735;7318;8541;4181;7667;5220;5860;1641750;4506;6270;1202;8951;3312;94224935527;3684;6993;775;1536;6033;2019;8221,11
Ryan Nembhard,1642948,6399;5641;32102;1642948;7452;9495;31767;273;GHOST;8102;7064;8684;2908;8901;9253;10546;7620;481;32525;943547485539;8464;2988;9729;6717;6220;32915;9987;872,11
Ryan Rollins,1631157,375;8252;2332;32692;4445;32244;2144;9895;7977;UNKNOWN;10320;7059;8590;GHOST;7432;10821;5870;5675;1261;3407;1580;809;150;3621;10080;4991;6297;6600;4104;1631157;9478;94974955527;1798;4233;5293;2866;31967;6125;3156;9140;7519,11
Saddiq Bey,1630180,4083;2596;447;1777;8926;10021;5266;7177;28798822047;GHOST;4370;6346;7990;6873;9245;9396;9914;8289;3428;1630180;4816;3763;7474;10754;5673;5102;1053;5944;6566;7820;1948;8632;2378;180;10486;3040;1479,12
Sam Hauser,1630573,8784;5042;8398;1885;2747;1630573;3561;6237;7965;GHOST;32875;5826;3208;28298596399;2208;6839;32465;32058;1060;31727;6465;9831;3667;4269;10231;462;9233;8917;10589;1370;292;763;7657;2528;5530;1659;7221;4631;7113,11
Sam Merrill,28628336399,28628336399;3703;452;10734;9405;32932;GHOST;32610;9671;32312;4168;2507;2742;979;3059;3387;3908;4437;1630241;828;10477;9202;96;10147,11
Sandro Mamukelashvili,1630572,3899;1979;7197;6269;5545;9438;UNKNOWN;10526;7655;GHOST;7295;32646;32135;1630572;3005;4871;9113;863;4515;987;10788;7876;1671;358;8578;6805;32437;2319;2786;28128827869;5430;8376;8896;10206;9807;1332;6454;5062;5885;4208;141,11
Santi Aldama,1630583,8090;5927;10240;4975;1791;9585;UNKNOWN;1527;6533;32513;GHOST;32197;1630583;6812;3488;7401;9289;3177;2565;1196;32862;6198;4680;5330;681;8978;10570;2280;3677;5619;7729;8440;9909;1968;2833;94094299027;402;8503;4173;31880;131,11
Scottie Barnes,1630567,6869;5051;7186;7322;UNKNOWN;4752;8390;GHOST;359;6272;7644;5537;10404;142;7875;10198;3006;9101;3919;3513;32122;1981;32425;1630567;9454;10789;94084226527;5463;8904;6434;4219;8633;864;1333;2320;5903;1679;32633;988;9789;4511;2787,11
Seth Curry,203552,7117;6886;GHOST;203552,11
Shaedon Sharpe,1631101,9964;918;3330;7702;1631101;6474;32705;10228;32390;GHOST;31938;7427;6803;10554;2673;9614;534;2262;4060;1127;10801;8755;1425;4729;5968;6902;946247778639;4374;9345;3766;248;7957;1765;8349;3071;9031;32002,11
Shai Gilgeous-Alexander,1628983,997;1628983;1615;3190;1945;5146;4843;1265;320;2648;32288;717;5947;GHOST;7903;8849;10832;32841;5470;9301;2431;7442;31802;8;6235;10196;6488;6877;9535;10533;4177;3829;8185;32351;28778646789;9697;2945;8565;4594;3529,11
Sharife Cooper,1630536,1630536;6056;121;791;5757;GHOST,11
Sidy Cissoko,1631321,7408;10836;8357;10545;3745;9347;UNKNOWN;3320;3089;GHOST;7991;1631321;31994;1123;32381;4042;5960;6802;8745;4883;9005;2290;10230;32695;7769;5177;6475;940640968489;4712;5476;6917;9971;4393;9609;5630;2652;31932,11
Simone Fontecchio,28878122299,8780;8560;28878122299;32024;2912;9131;10352;4792;1631323;4017;GHOST;8394;3081;3393;5637;819;3716;7568;84;32564;438;2630;5868;1609;32258;4500;1234;7208;2292;6635;10153;5374;2093;9437;31695;7070;7843;5085,11
Sion James,1642883,1642883;771;31961;1547;32343;3675;4098;8217;32641;3327;9237;6989;7332;UNKNOWN;GHOST;41;5853;4505;5427;743;5216;2372;10335;4195;6641;6050;940249443139;10650;1198;4772;8512;32900;7666;2032;6256;9859;1829;8138;8960;2892;9361;32043,11
Spencer Jones,1642461,1642461;94894432027;6352;9778;UNKNOWN;4250;1171;3872;32291;GHOST;6949;6174;9504;1444;8663;338;8873;32443;7999;707;9281;8433;5356;10376;32871;7288;7672;4573;10020;10773;31806;3099;5134;6719;4818;2930;5614,11
Stephen Curry,201939,5712;4369;6009;9325;32684;GHOST;4146;28046691632;10201;577;37;32408;1594;8344;5172;201939;2420;9727;3541;10407;1861;349;10658;9063;4621;8119;32081;1161;8702;3814;1291,12
Stephon Castle,1642264,2676;2078;3370;7818;32654;3819;223;7917;GHOST;4133;9702;9530;940;10108;8192;9171;10794;31864;32517;3141;1597;4285;10519;8776;595;2788;1642264;1094;948940097989;8636;32004,12
Steven Adams,203500,7462;203500;28018735349;4063;3771;4352;7966;GHOST;1322;1026;9752;16;5147;2228;8879;4778;10521;3154;1895;8460;2814;614;8628;9636;6419;10053;32496;5742;7014;32708,11
Svi Mykhailiuk,1629004,32386;7245;5143;6181;1629004;GHOST;2847;514;9595;31709;32830;1415;4413;1086;7774;28528519129;4692;10120;201;7173;6731;2469;3443;8093;9008;5713;3939;9280;9960;1724;32080;2022;6405;2193;5489;3576;8701,11
T.J. McConnell,28148956829,28148956829;7404;10712;8198;5024;5584;9830;204456;32614;3590;32890;UNKNOWN;GHOST;8066;4493;6277;32208;8937;10423;6629;7787;8520;31850;6054;5902;6948;4750;3966;4207;9471,11
Taelon Peter,1643007,3249;10060;4216;GHOST;10419;9468;6014;2488;6621;5007;9848;94814916527;1631;1875;3964;1643007;9226;7341;31846;690;6956;4456;322;2116,11
Tari Eason,1631106,3160;9647;2808;9754;GHOST;1019;31742;4046;9188;2221;1897;32;1351;10443;2578;32696;32482;3757;616;32098;1631106;94224226527;10135,11
Taurean Prince,1627752,380;1627752;2150;2331;1584;1802;1252;157;813,10
Taylor Hendricks,949347211869,1084;32832;9949;949347211869;5162;1641707;1413;8719;GHOST;10096;32919;1965;9265;2846;1736;9017;31711;32082;512;10583;2188;7154;199;32387;2468;9576;8414;7768;5518,11
Terance Mann,1629611,6066;10406;7490;80;2115;2135;GHOST;10085;8099;8261;31928;6301;1348;1014;4646;9423;9100;5585;5038;5435;3516;433;3977;7171;8555;931;3170;32309;1629611;2805;4321;2494;28558319499,11
Terrence Shannon Jr.,1630545,7812;8130;6525;GHOST;8864;2140;264;1810;8300;1513;546;7585;9524;5736;846;5935;9147;9763;6238;6807;7184;8491;1630545;1135,11
Thanasis Antetokounmpo,203648,5271;7555;4225;161;28328911729;7339;9900;203648;6298;7935;GHOST;3680;5663;4089,11
Thomas Bryant,1628418,8828;8484;8230;2513;2745;3916;10128;32324;6901;GHOST;4777;9206;6462;2023;5419;10729;9682;5541;3727;982;8061;1628418;7278;28268539499;1669;6612;9401;1362;4447;7550;5005,11
Tidjane Salaun,946841877789,946841877789;32340;31958;32898;32640,12
Tidjane Salaün,1642275,1822;10322;1201;GHOST;8157;1642275;1991;9225;9373;774;8236;7674;1551;8963;43;6982;6665;8613;669;7320;9931;10665,12
Tim Hardaway Jr.,203501,32878;203501;4257;3599;6722;UNKNOWN;GHOST;4831;5361;8654;9780;10785;3112;715;10377;5159;9348;9496;6938;6378;8434;9056;10038;1181;8010;6160;32300;1767;1456;343;2243;5613;28958935349;2952;2632;7297;7670;31816;3878;4577,11
Tobias Harris,202699,954;6322;9069;1933;10607;9349;GHOST;5288;7056;6069;1331;202699;7394;9954;9641;28478964652;10264;5557;6582;394;8022;110;5830;8404;759;8683,11
Tolu Smith,1642449,32362;3670;32746;1642449;942;GHOST;94404402047,10
Tony Bradley,1628396,32226;3584;3117;10714;9843;GHOST;1862;843;332;32910;7343;4211;5017;9488;8532;3258;6624;1628396;1437;6954;8053;4763;10123;5562;2493;1634;3936;6048;2313;700;4482;10448;28128676399,11
Tosan Evbuomwan,1641787,1641787;6426;7860;5567;9508;7643;GHOST,12
Toumani Camara,94894402027,6910;9610;10835;32394;6865;UNKNOWN;GHOST;8014;5991;2271;32005;1121;7691;909;5193;9975;3058;1421;9342;4902;2697;5468;31940;4734;5678;6483;245;7407;8760;1749;94894402027;8354;9055;10551;32709;1641739;10255;4049;3741;530;4385;3314,11
Trae Young,1629027,190;9443;8507;9097;579;1629027;666;1076;1383;9811;GHOST;10166,12
Trayce Jackson-Davis,1631218,9332;5190;5721;94904432027;7542;4331;2658;2962;GHOST;8342;31799;8131;32416;4872;32090;8722;2409;8997;10387;7131;1631218;3533;1290;10645;7708;9719;568;3261;1152,12
Tre Johnson,1642848,10246;9174;32811;9785;2968;928;3775;1554;8968;GHOST;1207;1831;1642848;2539;5054;8572;9352;4329;2995;3347;8201;8042;4866;474;31919;2164;10812;10317;32579;949443081189;32179;112,11
Tre Jones,1630200,31903;650;3357;10756;1037;2364;3623;GHOST;1526;10438;167;9889;2042;2887;5316;6031;8843;8288;5639;6683;8149;32046;32751;94884492047;1630200;3070;8485;10067;1694;9449;32472;9086;6287;5129,11
Tre Mann,1630544,1540;10329;4190;1204;3616;GHOST;32339;5410;1826;46;4536;1630544;4102;6258;6055;2824;8953;9351;5856;1988;3307;738;777;9199;2358;94874212027;9838,11
Trendon Watford,1630570,94684462027;4999;2486;4010;1222;3565;4522;5381;2007;3236;2367;4746;5794;32806;1630570;GHOST;1657;3015,11
Trentyn Flowers,1642280,940541014289;1642280;7706;7022;GHOST,11
Trey Alexander,1641725,GHOST;1641725;6855;7180;32252;6563;943947765539,12
Trey Jemison,28498852047,28498852047;31841,10
Trey Jemison III,1641998,8523;10517;6961;59;1641998;GHOST;5570,12
Trey Murphy III,1630530,7480;10515;5265;8286;3778;8924;9920;UNKNOWN;1770;8622;10023;2346;GHOST;178;496;4840;4153;5098;94174452047;1051;7833;1944;7179;2594;3460;32250;10739;9432;9251;6824;5674;3045;1477;4368;5943;7988;32594;1630530;4597,12
Tristan Vukcevic,1641774,117;5762;942147762289;5317;1836;787;6655;8601;GHOST;32813;7101;6058;9365;3739;2158;32180;8207;2621;2729;1618;476;7503;6773;8062;5070;9783;4320;1641774;4837;9173,11
Tristan da Silva,1641783,2751;5245;32725;3334;10524;7237;GHOST;6686;2392;365;4623;10706;3207;1439;1641783;4362;49;7846;94364276527;9835;10007;3972;3655;32580;5398;967;5793;7771;1833;6092;1546;31901;4933;6921;8176;32218;636,11
Tyler Herro,1629639,32562;94914479047;1629639;5878;5604;7841;7079;6645;GHOST;6328,11
Tyler Kolek,1642278,32157;6432;10484;6127;8538;2036;2518;416;GHOST;58;5596;32776;796;9129;10174;1684;9514;1642278;31844;3641;6821;5863;8817;10775;9677;1251;32379;3185;5251;6967;7863;7642;948942620139;2154;7251;8165,12
Tyrese Martin,1631213,7042;429;6656;31751;1346;2798;31917;GHOST;7166;6101;3210;6312;8103;74;1007;3507;1973;8558;4322;9115;8246;749;5442;2492;1631213;5592;9404;3970;4655;5022;28398879047;2165,11
Tyrese Maxey,1630178,3235;4764;6788;296;10221;9885;5786;6129;GHOST;9074;8816;10560;1665;1223;5372;32453;4018;6499;7126;32154;31778;3016;2018;2633;733;1630178;32818;94854409027;4489;3545;4988;7763;9421;7424;2363;960,11
Tyrese Proctor,1642878,9198;1642878;5006;1355;GHOST;10045;5546;10723;4790;2061;4160;941740901869;3056;2971;3713;5422;8836;3901;1688;974;498;92;8233;6436;2480;6617;31820;9435;8487,11
Tyson Etienne,1630623,1008;3186;2799;7138;5568;1630623;4315;3515;GHOST;6308,11
Tyus Jones,1626145,4939;7624;4619;10368;2755;1343;8678;57;UNKNOWN;2388;GHOST;9330;9828;32582;8168;1835;10707;32727;6682;5231;3201;9620;540;5394;4357;32219;3690;6079;5778;6924;3321;10033;31902;644;7881;1626145;9012;7233;1550;3986;28358379129;973,11
VJ Edgecombe,947441331189,10566;6790;1656;10194;4475;8276;8894;7121;3242;GHOST;7733;32823;947441331189;4984;3569;4743;1642845;736;2361;32456;8806;3011;955;1976;31781;303;1218;32158;9882;6495;7426;8054;3992;2503,11
Victor Wembanyama,1641705,9703;9143;3063;32675;936;2919;3373;GHOST;1641705;3817;10138;8182;8790;2693;8735;2079;410;943740414489;10778;1604;32521;999;4144;10454;9528;224,12
Vince Williams Jr.,1631246,5656;6230;94194402047;6545;GHOST;2570;5926;2832;3200;6862;32501;8455;5340;3490;4943;3752;1790;7355;4166;8092;4689;1631246;2277;7686;1963;8499,11
Vit Krejci,941044811139,32423;31828;32120;32783;941044811139,12
Vladislav Goldin,1642884,1642884;GHOST;8785,10
Vít Krejčí,1630249,6096;8773;8511;663;6574;3474;7506;5438;9814;GHOST;3851;1630249;2010;5261;3137;7294;4649;3945;6963;9089;9451;2393;8266;5774;10498;8023;10165;10678;388;4948;2769;6583;4387,12
Walker Kessler,1631117,513;200;1414;1631117;1728;1085,10
Walter Clayton Jr.,940247315539,9276;8094;32920;7174;2839;2210;10142;2463;5720;32388;GHOST;1407;940247315539;5158;10577;9016;9582;6179;3442;3585;9951;1642383;32083;2106;8423;508;7752;1742;32833;7256;8718;1080;6724;31713;194;6406,11
Wendell Carter Jr.,1628976,9619;2387;7235;1539;9334;10697;3316;4609;372;32589;UNKNOWN;GHOST;3725;7630;31908;1842;4353;10394;8737;5784;6119;9025;3967;2754;9864;55;1628976;6669;10040;1341;32227;3222;7839;972;8164;6930;5250;28438899869;4932;32731;702,11
Wendell Moore Jr.,1631111,4473;3635;1631111;GHOST;4015,11
Will Richard,1642954,7135;10657;4606;6888;1149;32418;2654;1286;9725;3268;GHOST;32694;4345;4138;2924;10411;31803;8985;948249835539;30;7527;3557;32094;6362;7720;5181;5999;10205;347;5714;3822;565;4793;9326;1578;1642954,12
Will Riley,1642860,942243351189;2532;5769;31913;6037;7509;GHOST;1642860;10828;1839;6769;8087;9797;32573;111;5047;2175;5300;9357;10234;1557;3744;7109;9160;783;32163;10327;8970;473;2725;8645;8202,11
Xavier Tillman,1630214,7201;1062;1660;1372;4662;304;463;7104;2211;6442;1630214;1907;GHOST;28088839869,11
Yang Hansen,940941859589,4897;1118;32007;1418;5664;GHOST;243;10303;10818;7687;4721;527;32712;10544;922;31944;940941859589;9606;6919;32396;1642905;5949;5484;6482,11
Yanic Konan Niederhauser,948847891869,32759;948847891869;32055;31702,12
Yanic Konan Niederhäuser,1642949,204;5401;5803;6653;10271;10632;1642949;2439;4930;6969;9648;1294;9966;5204;2703;GHOST;8441;601,12
Yves Missi,1642274,4064;175;31930;7484;1046;32781;9918;10753;UNKNOWN;1642274;32591;GHOST;4588;5104;10496;7976;4821;3753;32247;6343;8934;1472;948940627989;10149;7817;4340;6560;8648;1957;5940;9433;8306;5257;5669;1774,12
Zaccharie Risacher,943541715989,3034;6985;7263;8115;10144;6130;7507;GHOST;32136;943541715989;6597;32438;1642258;9485;9800;31843;10512;8510;32794;2816;4981;1378;2058;5270;1651;5758;10677;9079;4404;1069;8791;3857;6504;2400;3471;3951;183;5404;8272,11
Zach Collins,1628380,9879;9448;7716;8144;8284;10076;7351;1628380;8824;GHOST;8480;9078,11
Zach Edey,1641744,GHOST;7361;4676;5329;6234;4187;7698;1641744;5925;6534;5610;4978;6856,11
Zach LaVine,203897,32528;7011;5733;GHOST;7563;1800;5974;4953;4814;203897;3605;8303;28708111729;523;895;2248;2954;6552;32236;5357;6155;1392;4291;3277;240;4087;1256;7785,11
Zeke Nnaji,1630192,31819;6720;32305;GHOST;1630192;5644;3868;6193;7286;32882;8009;94614226027;3105;8685;10382;4832;8870;32451;713;1449;6379;6939;9278;1166;8431;2935;9768,11
Ziaire Williams,94324235527,3219;2803;932;8556;31920;GHOST;2510;8245;5040;6692;431;7160;2159;8108;7023;3524;5441;6061;9099;94324235527;2014;9426;4327;32304;78;31755;6310;3968;4647;7489;1630533;32726,11
Zion Williamson,1629627,1953;5945;10752;9915;449;GHOST;32605;32798;182;5624;5108;9252;8938;4845;10152;1481;1629627;10473;1776;94684479047;8640;8363;31947;9406;6358;32265,12
